{"textures":{"0":"modelengine:entity/herobrine_zombie"},"elements":[{"from":[7.428571,7.428571,7.428571],"to":[8.571428,8.571428,8.571428],"rotation":{"angle":0.0,"axis":"y","origin":[8.0,8.0,8.0]},"faces":{"east":{"uv":[15.5,10.0,16.0,10.5],"rotation":0,"texture":"#0","tintindex":0},"south":{"uv":[15.5,10.0,16.0,10.5],"rotation":0,"texture":"#0","tintindex":0},"north":{"uv":[15.5,10.0,16.0,10.5],"rotation":0,"texture":"#0","tintindex":0},"west":{"uv":[15.5,10.0,16.0,10.5],"rotation":0,"texture":"#0","tintindex":0},"up":{"uv":[15.5,10.0,16.0,10.5],"rotation":0,"texture":"#0","tintindex":0},"down":{"uv":[15.5,10.0,16.0,10.5],"rotation":0,"texture":"#0","tintindex":0}}}],"display":{"head":{"translation":[0.0,-6.4,0.0],"scale":[4.0,4.0,4.0]}}}