{"textures":{"0":"modelengine:entity/herobrine_zombie"},"elements":[{"from":[6.8514285,4.5714283,8.0],"to":[9.137143,8.0,10.285714],"rotation":{"angle":0.0,"axis":"y","origin":[6.857143,4.5714283,9.142858]},"faces":{"east":{"uv":[7.0,6.5,8.0,8.0],"rotation":0,"texture":"#0","tintindex":0},"south":{"uv":[8.0,0.0,9.0,1.5],"rotation":0,"texture":"#0","tintindex":0},"north":{"uv":[7.0,5.0,8.0,6.5],"rotation":0,"texture":"#0","tintindex":0},"west":{"uv":[8.0,1.5,9.0,3.0],"rotation":0,"texture":"#0","tintindex":0},"up":{"uv":[9.0,7.5,8.0,6.5],"rotation":0,"texture":"#0","tintindex":0},"down":{"uv":[8.0,8.0,7.0,9.0],"rotation":0,"texture":"#0","tintindex":0}}}],"display":{"head":{"translation":[0.0,-6.4,0.0],"scale":[4.0,4.0,4.0]}}}