{"textures":{"0":"modelengine:entity/herobrine_steve"},"elements":[{"from":[5.714286,5.142857,6.857143],"to":[7.714286,8.571428,8.857143],"rotation":{"angle":0.0,"axis":"y","origin":[10.285714,-5.1428576,8.0]},"faces":{"east":{"uv":[8.0,3.5,7.0,5.0],"rotation":0,"texture":"#0","tintindex":0},"south":{"uv":[8.0,2.0,7.0,3.5],"rotation":0,"texture":"#0","tintindex":0},"north":{"uv":[1.0,7.0,0.0,8.5],"rotation":0,"texture":"#0","tintindex":0},"west":{"uv":[2.0,7.0,1.0,8.5],"rotation":0,"texture":"#0","tintindex":0},"up":{"uv":[8.0,6.5,9.0,5.5],"rotation":0,"texture":"#0","tintindex":0},"down":{"uv":[6.0,8.0,7.0,9.0],"rotation":0,"texture":"#0","tintindex":0}}}],"display":{"head":{"translation":[0.0,-6.4,0.0],"scale":[4.0,4.0,4.0]}}}