{"textures":{"0":"modelengine:entity/em_nothingness"},"elements":[{"from":[-14.200001,8.0,-14.200001],"to":[30.2,8.0,30.2],"rotation":{"angle":0.0,"axis":"y","origin":[8.0,8.0,8.0]},"faces":{"east":{"uv":[0.0,0.0,6.9375,0.0],"rotation":0,"texture":"#missing","tintindex":0},"south":{"uv":[0.0,0.0,6.9375,0.0],"rotation":0,"texture":"#missing","tintindex":0},"north":{"uv":[0.0,0.0,6.9375,0.0],"rotation":0,"texture":"#missing","tintindex":0},"west":{"uv":[0.0,0.0,6.9375,0.0],"rotation":0,"texture":"#missing","tintindex":0},"up":{"uv":[6.9375,6.9375,0.0,13.875],"rotation":0,"texture":"#0","tintindex":0},"down":{"uv":[6.9375,6.9375,0.0,13.875],"rotation":0,"texture":"#0","tintindex":0}}}],"display":{"head":{"translation":[0.0,-6.4,0.0],"scale":[4.0,4.0,4.0]}}}