{"textures":{"0":"modelengine:entity/herobrine_alex"},"elements":[{"from":[5.714286,6.8828425,7.0364666],"to":[10.285714,10.311415,9.322182],"rotation":{"angle":0.0,"axis":"y","origin":[8.0,0.025699615,8.179324]},"faces":{"east":{"uv":[6.0,2.0,7.0,3.5],"rotation":0,"texture":"#0","tintindex":0},"south":{"uv":[4.0,2.0,6.0,3.5],"rotation":0,"texture":"#0","tintindex":0},"north":{"uv":[2.0,4.0,4.0,5.5],"rotation":0,"texture":"#0","tintindex":0},"west":{"uv":[6.0,3.5,7.0,5.0],"rotation":0,"texture":"#0","tintindex":0},"up":{"uv":[4.0,6.5,2.0,5.5],"rotation":0,"texture":"#0","tintindex":0},"down":{"uv":[2.0,6.0,0.0,7.0],"rotation":0,"texture":"#0","tintindex":0}}},{"from":[5.714286,10.311415,7.0364666],"to":[10.285714,13.739986,9.322182],"rotation":{"angle":-22.5,"axis":"x","origin":[8.0,10.311415,9.322182]},"faces":{"east":{"uv":[6.0,5.0,7.0,6.5],"rotation":0,"texture":"#0","tintindex":0},"south":{"uv":[4.0,5.0,6.0,6.5],"rotation":0,"texture":"#0","tintindex":0},"north":{"uv":[4.0,3.5,6.0,5.0],"rotation":0,"texture":"#0","tintindex":0},"west":{"uv":[2.0,6.5,3.0,8.0],"rotation":0,"texture":"#0","tintindex":0},"up":{"uv":[8.0,1.0,6.0,0.0],"rotation":0,"texture":"#0","tintindex":0},"down":{"uv":[8.0,1.0,6.0,2.0],"rotation":0,"texture":"#0","tintindex":0}}}],"display":{"head":{"translation":[0.0,-6.4,0.0],"scale":[4.0,4.0,4.0]}}}