{"parent":"minecraft:item/generated","textures":{"layer0":"minecraft:item/leather_horse_armor"},"overrides":[{"predicate":{"custom_model_data":1},"model":"modelengine:defender_fire_blade/llamus"},{"predicate":{"custom_model_data":2},"model":"modelengine:defender_fireblade2/fb1"},{"predicate":{"custom_model_data":3},"model":"modelengine:defender_fireprojectile/fb1"},{"predicate":{"custom_model_data":4},"model":"modelengine:defenderstatue/core"},{"predicate":{"custom_model_data":5},"model":"modelengine:defenderstatue/head"},{"predicate":{"custom_model_data":6},"model":"modelengine:defenderstatue/right_arm"},{"predicate":{"custom_model_data":7},"model":"modelengine:defenderstatue/right_forearm"},{"predicate":{"custom_model_data":8},"model":"modelengine:defenderstatue/hand"},{"predicate":{"custom_model_data":9},"model":"modelengine:defenderstatue/svorden"},{"predicate":{"custom_model_data":10},"model":"modelengine:defenderstatue/left_arm"},{"predicate":{"custom_model_data":11},"model":"modelengine:defenderstatue/left_forearm"},{"predicate":{"custom_model_data":12},"model":"modelengine:defenderstatue/shield"},{"predicate":{"custom_model_data":13},"model":"modelengine:fallendefender/right_leg"},{"predicate":{"custom_model_data":14},"model":"modelengine:fallendefender/right_shin"},{"predicate":{"custom_model_data":15},"model":"modelengine:fallendefender/right_foot"},{"predicate":{"custom_model_data":16},"model":"modelengine:fallendefender/left_leg"},{"predicate":{"custom_model_data":17},"model":"modelengine:fallendefender/left_shin"},{"predicate":{"custom_model_data":18},"model":"modelengine:fallendefender/left_foot"},{"predicate":{"custom_model_data":19},"model":"modelengine:fallendefender/hip"},{"predicate":{"custom_model_data":20},"model":"modelengine:fallendefender/chest"},{"predicate":{"custom_model_data":21},"model":"modelengine:fallendefender/left_arm"},{"predicate":{"custom_model_data":22},"model":"modelengine:fallendefender/left_forearm"},{"predicate":{"custom_model_data":23},"model":"modelengine:fallendefender/shield"},{"predicate":{"custom_model_data":24},"model":"modelengine:fallendefender/shieldennfx"},{"predicate":{"custom_model_data":25},"model":"modelengine:fallendefender/sndpfx1"},{"predicate":{"custom_model_data":26},"model":"modelengine:fallendefender/sndpfx2"},{"predicate":{"custom_model_data":27},"model":"modelengine:fallendefender/sndpfx3"},{"predicate":{"custom_model_data":28},"model":"modelengine:fallendefender/sndpfx4"},{"predicate":{"custom_model_data":29},"model":"modelengine:fallendefender/sndpfx5"},{"predicate":{"custom_model_data":30},"model":"modelengine:fallendefender/sndpfx6"},{"predicate":{"custom_model_data":31},"model":"modelengine:fallendefender/sndpfx7"},{"predicate":{"custom_model_data":32},"model":"modelengine:fallendefender/sndpfx8"},{"predicate":{"custom_model_data":33},"model":"modelengine:fallendefender/sndpfx9"},{"predicate":{"custom_model_data":34},"model":"modelengine:fallendefender/sndpfx10"},{"predicate":{"custom_model_data":35},"model":"modelengine:fallendefender/sndpfx11"},{"predicate":{"custom_model_data":36},"model":"modelengine:fallendefender/sndpfx12"},{"predicate":{"custom_model_data":37},"model":"modelengine:fallendefender/sndpfx13"},{"predicate":{"custom_model_data":38},"model":"modelengine:fallendefender/sndpfx14"},{"predicate":{"custom_model_data":39},"model":"modelengine:fallendefender/sndpfx15"},{"predicate":{"custom_model_data":40},"model":"modelengine:fallendefender/sndpfx16"},{"predicate":{"custom_model_data":41},"model":"modelengine:fallendefender/shield2"},{"predicate":{"custom_model_data":42},"model":"modelengine:fallendefender/right_arm"},{"predicate":{"custom_model_data":43},"model":"modelengine:fallendefender/right_forearm"},{"predicate":{"custom_model_data":44},"model":"modelengine:fallendefender/hand"},{"predicate":{"custom_model_data":45},"model":"modelengine:fallendefender/lame"},{"predicate":{"custom_model_data":46},"model":"modelengine:fallendefender/sfe_frame0"},{"predicate":{"custom_model_data":47},"model":"modelengine:fallendefender/sfe_frame1"},{"predicate":{"custom_model_data":48},"model":"modelengine:fallendefender/sfe_frame2"},{"predicate":{"custom_model_data":49},"model":"modelengine:fallendefender/sfe_frame3"},{"predicate":{"custom_model_data":50},"model":"modelengine:fallendefender/sfe_frame4"},{"predicate":{"custom_model_data":51},"model":"modelengine:fallendefender/sfe_frame5"},{"predicate":{"custom_model_data":52},"model":"modelengine:fallendefender/sfe_frame6"},{"predicate":{"custom_model_data":53},"model":"modelengine:fallendefender/sfe_frame7"},{"predicate":{"custom_model_data":54},"model":"modelengine:fallendefender/sfe_frame8"},{"predicate":{"custom_model_data":55},"model":"modelengine:fallendefender/sfe_frame9"},{"predicate":{"custom_model_data":56},"model":"modelengine:fallendefender/sfe_frame10"},{"predicate":{"custom_model_data":57},"model":"modelengine:fallendefender/sfe_frame11"},{"predicate":{"custom_model_data":58},"model":"modelengine:fallendefender/sfe_frame12"},{"predicate":{"custom_model_data":59},"model":"modelengine:fallendefender/sfe_frame13"},{"predicate":{"custom_model_data":60},"model":"modelengine:fallendefender/sfe_frame14"},{"predicate":{"custom_model_data":61},"model":"modelengine:fallendefender/sfe_frame15"},{"predicate":{"custom_model_data":62},"model":"modelengine:fallendefender/sfe_frame16"},{"predicate":{"custom_model_data":63},"model":"modelengine:fallendefender/sfe_frame17"},{"predicate":{"custom_model_data":64},"model":"modelengine:fallendefender/sfe_frame18"},{"predicate":{"custom_model_data":65},"model":"modelengine:fallendefender/svorden"},{"predicate":{"custom_model_data":66},"model":"modelengine:fallendefender/head"},{"predicate":{"custom_model_data":67},"model":"modelengine:fallendefender2/right_leg"},{"predicate":{"custom_model_data":68},"model":"modelengine:fallendefender2/left_leg"},{"predicate":{"custom_model_data":69},"model":"modelengine:fallendefender2/right_shin"},{"predicate":{"custom_model_data":70},"model":"modelengine:fallendefender2/right_foot"},{"predicate":{"custom_model_data":71},"model":"modelengine:fallendefender2/hip"},{"predicate":{"custom_model_data":72},"model":"modelengine:fallendefender2/chest"},{"predicate":{"custom_model_data":73},"model":"modelengine:fallendefender2/right_arm"},{"predicate":{"custom_model_data":74},"model":"modelengine:fallendefender2/left_arm"},{"predicate":{"custom_model_data":75},"model":"modelengine:fallendefender2/left_shin"},{"predicate":{"custom_model_data":76},"model":"modelengine:fallendefender2/left_foot"},{"predicate":{"custom_model_data":77},"model":"modelengine:fallendefender2/left_forearm"},{"predicate":{"custom_model_data":78},"model":"modelengine:fallendefender2/shield"},{"predicate":{"custom_model_data":79},"model":"modelengine:fallendefender2/head"},{"predicate":{"custom_model_data":80},"model":"modelengine:fallendefender2/right_forearm"},{"predicate":{"custom_model_data":81},"model":"modelengine:fallendefender2/hand"},{"predicate":{"custom_model_data":82},"model":"modelengine:fallendefender2/svorden"},{"predicate":{"custom_model_data":83},"model":"modelengine:fallendefender3/right_leg"},{"predicate":{"custom_model_data":84},"model":"modelengine:fallendefender3/left_leg"},{"predicate":{"custom_model_data":85},"model":"modelengine:fallendefender3/right_shin"},{"predicate":{"custom_model_data":86},"model":"modelengine:fallendefender3/right_foot"},{"predicate":{"custom_model_data":87},"model":"modelengine:fallendefender3/hip"},{"predicate":{"custom_model_data":88},"model":"modelengine:fallendefender3/chest"},{"predicate":{"custom_model_data":89},"model":"modelengine:fallendefender3/right_arm"},{"predicate":{"custom_model_data":90},"model":"modelengine:fallendefender3/left_arm"},{"predicate":{"custom_model_data":91},"model":"modelengine:fallendefender3/left_shin"},{"predicate":{"custom_model_data":92},"model":"modelengine:fallendefender3/left_foot"},{"predicate":{"custom_model_data":93},"model":"modelengine:fallendefender3/shield"},{"predicate":{"custom_model_data":94},"model":"modelengine:fallendefender3/left_forearm"},{"predicate":{"custom_model_data":95},"model":"modelengine:fallendefender3/head"},{"predicate":{"custom_model_data":96},"model":"modelengine:fallendefender3/right_forearm"},{"predicate":{"custom_model_data":97},"model":"modelengine:fallendefender3/hand"},{"predicate":{"custom_model_data":98},"model":"modelengine:fallendefender3/svorden"},{"predicate":{"custom_model_data":99},"model":"modelengine:fdefender_shockwaveresources/rswa_1"},{"predicate":{"custom_model_data":100},"model":"modelengine:fdefender_shockwaveresources/rswa_2"},{"predicate":{"custom_model_data":101},"model":"modelengine:fdefender_shockwaveresources/rswa_3"},{"predicate":{"custom_model_data":102},"model":"modelengine:fdefender_shockwaveresources/rswa_4"},{"predicate":{"custom_model_data":103},"model":"modelengine:fdefender_shockwaveresources/rswb_1"},{"predicate":{"custom_model_data":104},"model":"modelengine:fdefender_shockwaveresources/rswb_2"},{"predicate":{"custom_model_data":105},"model":"modelengine:fdefender_shockwaveresources/rswb_3"},{"predicate":{"custom_model_data":106},"model":"modelengine:fdefender_shockwaveresources/rswb_4"},{"predicate":{"custom_model_data":107},"model":"modelengine:fdefender_shockwaveresources/rswc_1"},{"predicate":{"custom_model_data":108},"model":"modelengine:fdefender_shockwaveresources/rswc_2"},{"predicate":{"custom_model_data":109},"model":"modelengine:fdefender_shockwaveresources/rswc_3"},{"predicate":{"custom_model_data":110},"model":"modelengine:fdefender_shockwaveresources/rswc_4"},{"predicate":{"custom_model_data":111},"model":"modelengine:fdefender_shockwaveresources/rswd_1"},{"predicate":{"custom_model_data":112},"model":"modelengine:fdefender_shockwaveresources/rswd_2"},{"predicate":{"custom_model_data":113},"model":"modelengine:fdefender_shockwaveresources/rswd_3"},{"predicate":{"custom_model_data":114},"model":"modelengine:fdefender_shockwaveresources/rswd_4"},{"predicate":{"custom_model_data":115},"model":"modelengine:fdefender_shockwaveresources/rswe_1"},{"predicate":{"custom_model_data":116},"model":"modelengine:fdefender_shockwaveresources/rswe_2"},{"predicate":{"custom_model_data":117},"model":"modelengine:fdefender_shockwaveresources/rswe_3"},{"predicate":{"custom_model_data":118},"model":"modelengine:fdefender_shockwaveresources/rswe_4"},{"predicate":{"custom_model_data":119},"model":"modelengine:fdefender_shockwaveresources/rswf_1"},{"predicate":{"custom_model_data":120},"model":"modelengine:fdefender_shockwaveresources/rswf_2"},{"predicate":{"custom_model_data":121},"model":"modelengine:fdefender_shockwaveresources/rswf_3"},{"predicate":{"custom_model_data":122},"model":"modelengine:fdefender_shockwaveresources/rswf_4"},{"predicate":{"custom_model_data":123},"model":"modelengine:fdefender_shockwaveresources/rswg_1"},{"predicate":{"custom_model_data":124},"model":"modelengine:fdefender_shockwaveresources/rswg_2"},{"predicate":{"custom_model_data":125},"model":"modelengine:fdefender_shockwaveresources/rswg_3"},{"predicate":{"custom_model_data":126},"model":"modelengine:fdefender_shockwaveresources/rswg_4"},{"predicate":{"custom_model_data":127},"model":"modelengine:fdefender_shockwaveresources/rswh_1"},{"predicate":{"custom_model_data":128},"model":"modelengine:fdefender_shockwaveresources/rswh_2"},{"predicate":{"custom_model_data":129},"model":"modelengine:fdefender_shockwaveresources/rswh_3"},{"predicate":{"custom_model_data":130},"model":"modelengine:fdefender_shockwaveresources/rswh_4"},{"predicate":{"custom_model_data":131},"model":"modelengine:fdefender_shockwaveresources/rswi_1"},{"predicate":{"custom_model_data":132},"model":"modelengine:fdefender_shockwaveresources/rswi_2"},{"predicate":{"custom_model_data":133},"model":"modelengine:fdefender_shockwaveresources/rswi_3"},{"predicate":{"custom_model_data":134},"model":"modelengine:fdefender_shockwaveresources/rswi_4"},{"predicate":{"custom_model_data":135},"model":"modelengine:fdefender_shockwaveresources/rswj_1"},{"predicate":{"custom_model_data":136},"model":"modelengine:fdefender_shockwaveresources/rswj_2"},{"predicate":{"custom_model_data":137},"model":"modelengine:fdefender_shockwaveresources/rswj_3"},{"predicate":{"custom_model_data":138},"model":"modelengine:fdefender_shockwaveresources/rswj_4"},{"predicate":{"custom_model_data":139},"model":"modelengine:fdefender_shockwaveresources/rswk_1"},{"predicate":{"custom_model_data":140},"model":"modelengine:fdefender_shockwaveresources/rswk_2"},{"predicate":{"custom_model_data":141},"model":"modelengine:fdefender_shockwaveresources/rswk_3"},{"predicate":{"custom_model_data":142},"model":"modelengine:fdefender_shockwaveresources/rswk_4"},{"predicate":{"custom_model_data":143},"model":"modelengine:fdefender_shockwaveresources/rswl_1"},{"predicate":{"custom_model_data":144},"model":"modelengine:fdefender_shockwaveresources/rswl_2"},{"predicate":{"custom_model_data":145},"model":"modelengine:fdefender_shockwaveresources/rswl_3"},{"predicate":{"custom_model_data":146},"model":"modelengine:fdefender_shockwaveresources/rswl_4"},{"predicate":{"custom_model_data":147},"model":"modelengine:fdefender_shockwaveresources/rswm_1"},{"predicate":{"custom_model_data":148},"model":"modelengine:fdefender_shockwaveresources/rswm_2"},{"predicate":{"custom_model_data":149},"model":"modelengine:fdefender_shockwaveresources/rswm_3"},{"predicate":{"custom_model_data":150},"model":"modelengine:fdefender_shockwaveresources/rswm_4"},{"predicate":{"custom_model_data":151},"model":"modelengine:fdefender_shockwaveresources/rswn_1"},{"predicate":{"custom_model_data":152},"model":"modelengine:fdefender_shockwaveresources/rswn_2"},{"predicate":{"custom_model_data":153},"model":"modelengine:fdefender_shockwaveresources/rswn_3"},{"predicate":{"custom_model_data":154},"model":"modelengine:fdefender_shockwaveresources/rswn_4"},{"predicate":{"custom_model_data":155},"model":"modelengine:fdexplosion_resources/frame1"},{"predicate":{"custom_model_data":156},"model":"modelengine:fdexplosion_resources/frame2"},{"predicate":{"custom_model_data":157},"model":"modelengine:fdexplosion_resources/frame3"},{"predicate":{"custom_model_data":158},"model":"modelengine:fdexplosion_resources/frame4"},{"predicate":{"custom_model_data":159},"model":"modelengine:fdexplosion_resources/frame5"},{"predicate":{"custom_model_data":160},"model":"modelengine:fdexplosion_resources/frame6"},{"predicate":{"custom_model_data":161},"model":"modelengine:fdexplosion_resources/frame7"},{"predicate":{"custom_model_data":162},"model":"modelengine:fdexplosion_resources/frame8"},{"predicate":{"custom_model_data":163},"model":"modelengine:fdexplosion_resources/explosionb1"},{"predicate":{"custom_model_data":164},"model":"modelengine:fdexplosion_resources/explosionb2"},{"predicate":{"custom_model_data":165},"model":"modelengine:fdexplosion_resources/explosionb3"},{"predicate":{"custom_model_data":166},"model":"modelengine:fdexplosion_resources/explosionb4"},{"predicate":{"custom_model_data":167},"model":"modelengine:fdexplosion_resources/explosionb5"},{"predicate":{"custom_model_data":168},"model":"modelengine:fdexplosion_resources/explosionb6"},{"predicate":{"custom_model_data":169},"model":"modelengine:fdexplosion_resources/explosionb7"},{"predicate":{"custom_model_data":170},"model":"modelengine:fdexplosion_resources/explosionb8"},{"predicate":{"custom_model_data":171},"model":"modelengine:fdexplosion_resources/explosionb9"},{"predicate":{"custom_model_data":172},"model":"modelengine:fdexplosion_resources/explosionb10"},{"predicate":{"custom_model_data":173},"model":"modelengine:fdexplosion_resources/explosionb11"},{"predicate":{"custom_model_data":174},"model":"modelengine:fdexplosion_resources/explosionb12"},{"predicate":{"custom_model_data":175},"model":"modelengine:fdexplosion_resources/ravage1"},{"predicate":{"custom_model_data":176},"model":"modelengine:fdexplosion_resources/ravage2"},{"predicate":{"custom_model_data":177},"model":"modelengine:fdexplosion_resources/ravage3"},{"predicate":{"custom_model_data":178},"model":"modelengine:fdexplosion_resources/ravage4"},{"predicate":{"custom_model_data":179},"model":"modelengine:fdexplosion_resources/ravage5"},{"predicate":{"custom_model_data":180},"model":"modelengine:fdexplosion_resources/ravage6"},{"predicate":{"custom_model_data":181},"model":"modelengine:fdexplosion_resources/ravage7"},{"predicate":{"custom_model_data":182},"model":"modelengine:fdexplosion_resources/ravage8"},{"predicate":{"custom_model_data":183},"model":"modelengine:fdexplosion_resources/ravage9"},{"predicate":{"custom_model_data":184},"model":"modelengine:fdexplosion_resources/ravage10"},{"predicate":{"custom_model_data":185},"model":"modelengine:fdexplosion_resources/ravage11"},{"predicate":{"custom_model_data":186},"model":"modelengine:fdexplosion_resources/ravage12"},{"predicate":{"custom_model_data":187},"model":"modelengine:fdexplosion_resources/ravage13"},{"predicate":{"custom_model_data":188},"model":"modelengine:fdexplosion_resources/ravage14"},{"predicate":{"custom_model_data":189},"model":"modelengine:fdexplosion_resources/ravage15"},{"predicate":{"custom_model_data":190},"model":"modelengine:fdexplosion_resources/ravage16"},{"predicate":{"custom_model_data":191},"model":"modelengine:fdexplosion_resources/ravage17"},{"predicate":{"custom_model_data":192},"model":"modelengine:fdexplosion_resources/ravage18"},{"predicate":{"custom_model_data":193},"model":"modelengine:fdexplosion_resources/ravage19"},{"predicate":{"custom_model_data":194},"model":"modelengine:fdexplosion_resources/ravage20"},{"predicate":{"custom_model_data":195},"model":"modelengine:fdexplosion_resources/ravage21"},{"predicate":{"custom_model_data":196},"model":"modelengine:fdexplosion_resources/ravage22"},{"predicate":{"custom_model_data":197},"model":"modelengine:fdexplosion_resources/ravage23"},{"predicate":{"custom_model_data":198},"model":"modelengine:fdexplosion_resources/ravage24"},{"predicate":{"custom_model_data":199},"model":"modelengine:fdexplosion_resources/ravage25"},{"predicate":{"custom_model_data":200},"model":"modelengine:fdexplosion_resources/ravageb1"},{"predicate":{"custom_model_data":201},"model":"modelengine:fdexplosion_resources/ravageb2"},{"predicate":{"custom_model_data":202},"model":"modelengine:fdexplosion_resources/ravageb3"},{"predicate":{"custom_model_data":203},"model":"modelengine:fdexplosion_resources/ravageb4"},{"predicate":{"custom_model_data":204},"model":"modelengine:fdexplosion_resources/ravageb5"},{"predicate":{"custom_model_data":205},"model":"modelengine:fdexplosion_resources/ravageb6"},{"predicate":{"custom_model_data":206},"model":"modelengine:fdexplosion_resources/ravageb7"},{"predicate":{"custom_model_data":207},"model":"modelengine:fdexplosion_resources/ravageb8"},{"predicate":{"custom_model_data":208},"model":"modelengine:fdexplosion_resources/ravageb9"},{"predicate":{"custom_model_data":209},"model":"modelengine:fdexplosion_resources/ravageb10"},{"predicate":{"custom_model_data":210},"model":"modelengine:fdexplosion_resources/ravageb11"},{"predicate":{"custom_model_data":211},"model":"modelengine:fdexplosion_resources/ravageb12"},{"predicate":{"custom_model_data":212},"model":"modelengine:fdexplosion_resources/ravageb13"},{"predicate":{"custom_model_data":213},"model":"modelengine:fdexplosion_resources/ravageb14"},{"predicate":{"custom_model_data":214},"model":"modelengine:fdexplosion_resources/ravageb15"},{"predicate":{"custom_model_data":215},"model":"modelengine:fdexplosion_resources/fb1"},{"predicate":{"custom_model_data":216},"model":"modelengine:fdexplosion_resources/fb2"},{"predicate":{"custom_model_data":217},"model":"modelengine:fdexplosion_resources/fb3"},{"predicate":{"custom_model_data":218},"model":"modelengine:fdexplosion_resources/fb4"},{"predicate":{"custom_model_data":219},"model":"modelengine:fdexplosion_resources/fb5"},{"predicate":{"custom_model_data":220},"model":"modelengine:fdexplosion_resources/fb6"},{"predicate":{"custom_model_data":221},"model":"modelengine:fdexplosion_resources/fb7"},{"predicate":{"custom_model_data":222},"model":"modelengine:fdexplosion_resources/fb8"},{"predicate":{"custom_model_data":223},"model":"modelengine:fdexplosion_resources/fb9"},{"predicate":{"custom_model_data":224},"model":"modelengine:fdexplosion_resources/fb10"},{"predicate":{"custom_model_data":225},"model":"modelengine:fdexplosion_resources/fb11"},{"predicate":{"custom_model_data":226},"model":"modelengine:fdexplosion_resources/fb12"},{"predicate":{"custom_model_data":227},"model":"modelengine:fdexplosion_resources/fb13"},{"predicate":{"custom_model_data":228},"model":"modelengine:fdexplosion_resources/fb14"},{"predicate":{"custom_model_data":229},"model":"modelengine:fdexplosion_resources/fb15"},{"predicate":{"custom_model_data":230},"model":"modelengine:fdexplosion_resources/fb16"},{"predicate":{"custom_model_data":231},"model":"modelengine:fdexplosion_resources/fb17"},{"predicate":{"custom_model_data":232},"model":"modelengine:fdexplosion_resources/fb18"},{"predicate":{"custom_model_data":233},"model":"modelengine:fdexplosion_resources/fb19"},{"predicate":{"custom_model_data":234},"model":"modelengine:fdexplosion_resources/fb20"},{"predicate":{"custom_model_data":235},"model":"modelengine:fdexplosion_resources/rsw1"},{"predicate":{"custom_model_data":236},"model":"modelengine:fdexplosion_resources/rsw2"},{"predicate":{"custom_model_data":237},"model":"modelengine:fdexplosion_resources/rsw3"},{"predicate":{"custom_model_data":238},"model":"modelengine:fdexplosion_resources/rsw4"},{"predicate":{"custom_model_data":239},"model":"modelengine:fdexplosion_resources/rsw5"},{"predicate":{"custom_model_data":240},"model":"modelengine:fdexplosion_resources/rsw6"},{"predicate":{"custom_model_data":241},"model":"modelengine:fdexplosion_resources/rsw7"},{"predicate":{"custom_model_data":242},"model":"modelengine:fdexplosion_resources/rsw8"},{"predicate":{"custom_model_data":243},"model":"modelengine:fdexplosion_resources/rsw9"},{"predicate":{"custom_model_data":244},"model":"modelengine:fdexplosion_resources/rsw10"},{"predicate":{"custom_model_data":245},"model":"modelengine:fdexplosion_resources/rsw11"},{"predicate":{"custom_model_data":246},"model":"modelengine:fdexplosion_resources/rsw12"},{"predicate":{"custom_model_data":247},"model":"modelengine:fdexplosion_resources/rsw13"},{"predicate":{"custom_model_data":248},"model":"modelengine:fdexplosion_resources/rsw14"},{"predicate":{"custom_model_data":249},"model":"modelengine:fdexplosion_resources/ffxd1"},{"predicate":{"custom_model_data":250},"model":"modelengine:fdexplosion_resources/ffxd2"},{"predicate":{"custom_model_data":251},"model":"modelengine:fdexplosion_resources/ffxd3"},{"predicate":{"custom_model_data":252},"model":"modelengine:fdexplosion_resources/ffxd4"},{"predicate":{"custom_model_data":253},"model":"modelengine:fdexplosion_resources/ffxd5"},{"predicate":{"custom_model_data":254},"model":"modelengine:fdexplosion_resources/ffxd6"},{"predicate":{"custom_model_data":255},"model":"modelengine:fdexplosion_resources/ffxd7"},{"predicate":{"custom_model_data":256},"model":"modelengine:fdexplosion_resources/ffxd8"},{"predicate":{"custom_model_data":257},"model":"modelengine:fdexplosion_resources/ffxd9"},{"predicate":{"custom_model_data":258},"model":"modelengine:fdexplosion_resources/ffxd10"},{"predicate":{"custom_model_data":259},"model":"modelengine:fdexplosion_resources/ffxd2_1"},{"predicate":{"custom_model_data":260},"model":"modelengine:fdexplosion_resources/ffxd2_2"},{"predicate":{"custom_model_data":261},"model":"modelengine:fdexplosion_resources/ffxd2_3"},{"predicate":{"custom_model_data":262},"model":"modelengine:fdexplosion_resources/ffxd2_4"},{"predicate":{"custom_model_data":263},"model":"modelengine:fdexplosion_resources/ffxd2_5"},{"predicate":{"custom_model_data":264},"model":"modelengine:fdexplosion_resources/ffxd2_6"},{"predicate":{"custom_model_data":265},"model":"modelengine:fdexplosion_resources/ffxd2_7"},{"predicate":{"custom_model_data":266},"model":"modelengine:fdexplosion_resources/ffxd2_8"},{"predicate":{"custom_model_data":267},"model":"modelengine:fdexplosion_resources/ffxd2_9"},{"predicate":{"custom_model_data":268},"model":"modelengine:fdexplosion_resources/ffxd2_10"},{"predicate":{"custom_model_data":269},"model":"modelengine:fdexplosion_resources/rwsb1"},{"predicate":{"custom_model_data":270},"model":"modelengine:fdexplosion_resources/rwsb2"},{"predicate":{"custom_model_data":271},"model":"modelengine:fdexplosion_resources/rwsb3"},{"predicate":{"custom_model_data":272},"model":"modelengine:fdexplosion_resources/rwsb4"},{"predicate":{"custom_model_data":273},"model":"modelengine:fdexplosion_resources/rwsb5"},{"predicate":{"custom_model_data":274},"model":"modelengine:fdexplosion_resources/rwsb6"},{"predicate":{"custom_model_data":275},"model":"modelengine:fdexplosion_resources/rwsb7"},{"predicate":{"custom_model_data":276},"model":"modelengine:fdexplosion_resources/rwsb8"},{"predicate":{"custom_model_data":277},"model":"modelengine:fdexplosion_resources/rwsb9"},{"predicate":{"custom_model_data":278},"model":"modelengine:fdexplosion_resources/rwsb10"},{"predicate":{"custom_model_data":279},"model":"modelengine:fdexplosion_resources/rwsb11"},{"predicate":{"custom_model_data":280},"model":"modelengine:fdexplosion_resources/rwsb12"},{"predicate":{"custom_model_data":281},"model":"modelengine:fdexplosion_resources/rwsb13"},{"predicate":{"custom_model_data":282},"model":"modelengine:fdexplosion_resources/rwsb14"},{"predicate":{"custom_model_data":283},"model":"modelengine:fdexplosion_resources/ffxa1"},{"predicate":{"custom_model_data":284},"model":"modelengine:fdexplosion_resources/ffxa2"},{"predicate":{"custom_model_data":285},"model":"modelengine:fdexplosion_resources/ffxa3"},{"predicate":{"custom_model_data":286},"model":"modelengine:fdexplosion_resources/ffxa4"},{"predicate":{"custom_model_data":287},"model":"modelengine:fdexplosion_resources/ffxa5"},{"predicate":{"custom_model_data":288},"model":"modelengine:fdexplosion_resources/ffxa6"},{"predicate":{"custom_model_data":289},"model":"modelengine:fdexplosion_resources/ffxa7"},{"predicate":{"custom_model_data":290},"model":"modelengine:fdexplosion_resources/ffxa8"},{"predicate":{"custom_model_data":291},"model":"modelengine:fdexplosion_resources/ffxa9"},{"predicate":{"custom_model_data":292},"model":"modelengine:fdexplosion_resources/ffxa10"},{"predicate":{"custom_model_data":293},"model":"modelengine:fdexplosion_resources/ffxa11"},{"predicate":{"custom_model_data":294},"model":"modelengine:fdexplosion_resources/ffxa12"},{"predicate":{"custom_model_data":295},"model":"modelengine:fdexplosion_resources/ffxa13"},{"predicate":{"custom_model_data":296},"model":"modelengine:fdexplosion_resources/ffxb1"},{"predicate":{"custom_model_data":297},"model":"modelengine:fdexplosion_resources/ffxb2"},{"predicate":{"custom_model_data":298},"model":"modelengine:fdexplosion_resources/ffxb3"},{"predicate":{"custom_model_data":299},"model":"modelengine:fdexplosion_resources/ffxb4"},{"predicate":{"custom_model_data":300},"model":"modelengine:fdexplosion_resources/ffxb5"},{"predicate":{"custom_model_data":301},"model":"modelengine:fdexplosion_resources/ffxb6"},{"predicate":{"custom_model_data":302},"model":"modelengine:fdexplosion_resources/ffxb7"},{"predicate":{"custom_model_data":303},"model":"modelengine:fdexplosion_resources/ffxb8"},{"predicate":{"custom_model_data":304},"model":"modelengine:fdexplosion_resources/ffxb9"},{"predicate":{"custom_model_data":305},"model":"modelengine:fdexplosion_resources/ffxb10"},{"predicate":{"custom_model_data":306},"model":"modelengine:fdexplosion_resources/ffxb11"},{"predicate":{"custom_model_data":307},"model":"modelengine:fdexplosion_resources/ffxb12"},{"predicate":{"custom_model_data":308},"model":"modelengine:fdexplosion_resources/ffxb13"},{"predicate":{"custom_model_data":309},"model":"modelengine:fdexplosion_resources/ffxb14"},{"predicate":{"custom_model_data":310},"model":"modelengine:fdexplosion_resources/ffxb15"},{"predicate":{"custom_model_data":311},"model":"modelengine:fdexplosion_resources/ffxb16"},{"predicate":{"custom_model_data":312},"model":"modelengine:fdexplosion_resources/ffxc1"},{"predicate":{"custom_model_data":313},"model":"modelengine:fdexplosion_resources/ffxc2"},{"predicate":{"custom_model_data":314},"model":"modelengine:fdexplosion_resources/ffxc3"},{"predicate":{"custom_model_data":315},"model":"modelengine:fdexplosion_resources/ffxc4"},{"predicate":{"custom_model_data":316},"model":"modelengine:fdexplosion_resources/ffxc5"},{"predicate":{"custom_model_data":317},"model":"modelengine:fdexplosion_resources/ffxc6"},{"predicate":{"custom_model_data":318},"model":"modelengine:fdexplosion_resources/ffxc7"},{"predicate":{"custom_model_data":319},"model":"modelengine:fdexplosion_resources/ffxc8"},{"predicate":{"custom_model_data":320},"model":"modelengine:fdexplosion_resources/ffxc9"},{"predicate":{"custom_model_data":321},"model":"modelengine:fdexplosion_resources/ffxc10"},{"predicate":{"custom_model_data":322},"model":"modelengine:fdexplosion_resources/ffxc11"},{"predicate":{"custom_model_data":323},"model":"modelengine:fdexplosion_resources/ffxc12"},{"predicate":{"custom_model_data":324},"model":"modelengine:fdexplosion_resources/ffxc13"},{"predicate":{"custom_model_data":325},"model":"modelengine:fdexplosion_resources/ffxc14"},{"predicate":{"custom_model_data":326},"model":"modelengine:fdexplosion_resources/ffxc15"},{"predicate":{"custom_model_data":327},"model":"modelengine:fdexplosion_resources/ffxc16"},{"predicate":{"custom_model_data":328},"model":"modelengine:fdexplosion_resources/ffxc17"},{"predicate":{"custom_model_data":329},"model":"modelengine:fdexplosion_resources/firewavea1"},{"predicate":{"custom_model_data":330},"model":"modelengine:fdexplosion_resources/firewavea2"},{"predicate":{"custom_model_data":331},"model":"modelengine:fdexplosion_resources/firewavea3"},{"predicate":{"custom_model_data":332},"model":"modelengine:fdexplosion_resources/firewavea4"},{"predicate":{"custom_model_data":333},"model":"modelengine:fdexplosion_resources/firewavea5"},{"predicate":{"custom_model_data":334},"model":"modelengine:fdexplosion_resources/firewavea6"},{"predicate":{"custom_model_data":335},"model":"modelengine:fdexplosion_resources/firewavea7"},{"predicate":{"custom_model_data":336},"model":"modelengine:fdexplosion_resources/firewavea8"},{"predicate":{"custom_model_data":337},"model":"modelengine:fdexplosion_resources/firewavea9"},{"predicate":{"custom_model_data":338},"model":"modelengine:fdexplosion_resources/firewavea10"},{"predicate":{"custom_model_data":339},"model":"modelengine:fdexplosion_resources/firewavea11"},{"predicate":{"custom_model_data":340},"model":"modelengine:fdexplosion_resources/firewavea12"},{"predicate":{"custom_model_data":341},"model":"modelengine:fdexplosion_resources/firewavea13"},{"predicate":{"custom_model_data":342},"model":"modelengine:fdexplosion_resources/firewaveb1"},{"predicate":{"custom_model_data":343},"model":"modelengine:fdexplosion_resources/firewaveb2"},{"predicate":{"custom_model_data":344},"model":"modelengine:fdexplosion_resources/firewaveb3"},{"predicate":{"custom_model_data":345},"model":"modelengine:fdexplosion_resources/firewaveb4"},{"predicate":{"custom_model_data":346},"model":"modelengine:fdexplosion_resources/firewaveb5"},{"predicate":{"custom_model_data":347},"model":"modelengine:fdexplosion_resources/firewaveb6"},{"predicate":{"custom_model_data":348},"model":"modelengine:fdexplosion_resources/firewaveb7"},{"predicate":{"custom_model_data":349},"model":"modelengine:fdexplosion_resources/firewaveb8"},{"predicate":{"custom_model_data":350},"model":"modelengine:fdexplosion_resources/firewaveb9"},{"predicate":{"custom_model_data":351},"model":"modelengine:fdexplosion_resources/firewaveb10"},{"predicate":{"custom_model_data":352},"model":"modelengine:fdexplosion_resources/firewaveb11"},{"predicate":{"custom_model_data":353},"model":"modelengine:fdexplosion_resources/firewaveb12"},{"predicate":{"custom_model_data":354},"model":"modelengine:fdexplosion_resources/firewaveb13"},{"predicate":{"custom_model_data":355},"model":"modelengine:fhero_fireexplosion/frame1"},{"predicate":{"custom_model_data":356},"model":"modelengine:fhero_fireffects/fb1"},{"predicate":{"custom_model_data":357},"model":"modelengine:fhero_shockwave/frame1"},{"predicate":{"custom_model_data":358},"model":"modelengine:fhero_shockwave2/frame1"},{"predicate":{"custom_model_data":359},"model":"modelengine:fhero_supershockwave/rswa_1"},{"predicate":{"custom_model_data":360},"model":"modelengine:fhero_supershockwave/rswa_2"},{"predicate":{"custom_model_data":361},"model":"modelengine:fhero_supershockwave/rswa_3"},{"predicate":{"custom_model_data":362},"model":"modelengine:fhero_supershockwave/rswa_4"},{"predicate":{"custom_model_data":363},"model":"modelengine:fhero_supershockwave_vert/rswa_1"},{"predicate":{"custom_model_data":364},"model":"modelengine:fhero_supershockwave_vert/rswa_2"},{"predicate":{"custom_model_data":365},"model":"modelengine:fhero_supershockwave_vert/rswa_3"},{"predicate":{"custom_model_data":366},"model":"modelengine:fhero_supershockwave_vert/rswa_4"},{"predicate":{"custom_model_data":367},"model":"modelengine:ravage_effectus_xd/ravage1"},{"predicate":{"custom_model_data":368},"model":"modelengine:ravager_fireblade2/fb1"}]}