{"textures":{"0":"modelengine:entity/herobrine","1":"modelengine:entity/herobrine_bits"},"elements":[{"from":[7.4257145,7.4657288,-1.7907534],"to":[8.0,8.040014,2.803533],"rotation":{"angle":-22.5,"axis":"x","origin":[8.284286,11.934607,5.9626145]},"faces":{"east":{"uv":[5.5,6.0,5.75,4.0],"rotation":270,"texture":"#1","tintindex":0},"south":{"uv":[5.5,5.75,5.75,6.0],"rotation":270,"texture":"#1","tintindex":0},"north":{"uv":[5.75,4.0,5.5,4.25],"rotation":90,"texture":"#1","tintindex":0},"west":{"uv":[5.5,4.0,5.75,6.0],"rotation":270,"texture":"#1","tintindex":0},"up":{"uv":[5.5,4.0,5.75,6.0],"rotation":0,"texture":"#1","tintindex":0},"down":{"uv":[5.5,4.0,5.75,6.0],"rotation":180,"texture":"#1","tintindex":0}}},{"from":[7.4257145,6.891443,-1.2164669],"to":[8.0,7.4657288,1.0806756],"rotation":{"angle":-22.5,"axis":"x","origin":[8.284286,11.934607,5.9626145]},"faces":{"east":{"uv":[5.25,5.25,5.5,4.25],"rotation":270,"texture":"#1","tintindex":0},"south":{"uv":[5.25,5.0,5.5,5.25],"rotation":270,"texture":"#1","tintindex":0},"north":{"uv":[5.5,4.25,5.25,4.5],"rotation":90,"texture":"#1","tintindex":0},"west":{"uv":[5.25,4.25,5.5,5.25],"rotation":270,"texture":"#1","tintindex":0},"up":{"uv":[5.25,4.25,5.5,5.25],"rotation":0,"texture":"#1","tintindex":0},"down":{"uv":[5.25,4.25,5.5,5.25],"rotation":180,"texture":"#1","tintindex":0}}},{"from":[7.4257145,6.3171573,-0.6421814],"to":[8.0,6.891443,0.5063896],"rotation":{"angle":-22.5,"axis":"x","origin":[8.284286,11.934607,5.9626145]},"faces":{"east":{"uv":[5.0,5.0,5.25,4.5],"rotation":270,"texture":"#1","tintindex":0},"south":{"uv":[5.0,4.75,5.25,5.0],"rotation":270,"texture":"#1","tintindex":0},"north":{"uv":[5.25,4.5,5.0,4.75],"rotation":90,"texture":"#1","tintindex":0},"west":{"uv":[5.0,4.5,5.25,5.0],"rotation":270,"texture":"#1","tintindex":0},"up":{"uv":[5.0,4.5,5.25,5.0],"rotation":0,"texture":"#1","tintindex":0},"down":{"uv":[5.0,4.5,5.25,5.0],"rotation":180,"texture":"#1","tintindex":0}}},{"from":[7.4257145,9.188586,-1.7907534],"to":[8.0,9.762872,2.229247],"rotation":{"angle":-22.5,"axis":"x","origin":[8.284286,11.934607,5.9626145]},"faces":{"east":{"uv":[6.25,5.75,6.5,4.0],"rotation":270,"texture":"#1","tintindex":0},"south":{"uv":[6.25,5.5,6.5,5.75],"rotation":270,"texture":"#1","tintindex":0},"north":{"uv":[6.5,4.0,6.25,4.25],"rotation":90,"texture":"#1","tintindex":0},"west":{"uv":[6.25,4.0,6.5,5.75],"rotation":270,"texture":"#1","tintindex":0},"up":{"uv":[6.25,4.0,6.5,5.75],"rotation":0,"texture":"#1","tintindex":0},"down":{"uv":[6.25,4.0,6.5,5.75],"rotation":180,"texture":"#1","tintindex":0}}},{"from":[7.4257145,9.762872,-0.6421814],"to":[8.0,10.337157,2.229247],"rotation":{"angle":-22.5,"axis":"x","origin":[8.284286,11.934607,5.9626145]},"faces":{"east":{"uv":[6.5,5.75,6.75,4.5],"rotation":270,"texture":"#1","tintindex":0},"south":{"uv":[6.5,5.5,6.75,5.75],"rotation":270,"texture":"#1","tintindex":0},"north":{"uv":[6.75,4.5,6.5,4.75],"rotation":90,"texture":"#1","tintindex":0},"west":{"uv":[6.5,4.5,6.75,5.75],"rotation":270,"texture":"#1","tintindex":0},"up":{"uv":[6.5,4.5,6.75,5.75],"rotation":0,"texture":"#1","tintindex":0},"down":{"uv":[6.5,4.5,6.75,5.75],"rotation":180,"texture":"#1","tintindex":0}}},{"from":[7.4257145,10.337157,0.5063896],"to":[8.0,10.911443,1.6549616],"rotation":{"angle":-22.5,"axis":"x","origin":[8.284286,11.934607,5.9626145]},"faces":{"east":{"uv":[6.75,5.5,7.0,5.0],"rotation":270,"texture":"#1","tintindex":0},"south":{"uv":[6.75,5.25,7.0,5.5],"rotation":270,"texture":"#1","tintindex":0},"north":{"uv":[7.0,5.0,6.75,5.25],"rotation":90,"texture":"#1","tintindex":0},"west":{"uv":[6.75,5.0,7.0,5.5],"rotation":270,"texture":"#1","tintindex":0},"up":{"uv":[6.75,5.0,7.0,5.5],"rotation":0,"texture":"#1","tintindex":0},"down":{"uv":[6.75,5.0,7.0,5.5],"rotation":180,"texture":"#1","tintindex":0}}},{"from":[7.4257145,8.040014,1.6549616],"to":[8.0,8.6143,2.229247],"rotation":{"angle":-22.5,"axis":"x","origin":[8.284286,11.934607,5.9626145]},"faces":{"east":{"uv":[5.75,5.75,6.0,5.5],"rotation":270,"texture":"#1","tintindex":0},"south":{"uv":[5.75,5.5,6.0,5.75],"rotation":270,"texture":"#1","tintindex":0},"north":{"uv":[6.0,5.5,5.75,5.75],"rotation":90,"texture":"#1","tintindex":0},"west":{"uv":[5.75,5.5,6.0,5.75],"rotation":270,"texture":"#1","tintindex":0},"up":{"uv":[5.75,5.5,6.0,5.75],"rotation":0,"texture":"#1","tintindex":0},"down":{"uv":[5.75,5.5,6.0,5.75],"rotation":180,"texture":"#1","tintindex":0}}},{"from":[7.4257145,6.891443,1.6549616],"to":[8.0,7.4657288,3.377819],"rotation":{"angle":-22.5,"axis":"x","origin":[8.284286,11.934607,5.9626145]},"faces":{"east":{"uv":[5.25,6.25,5.5,5.5],"rotation":270,"texture":"#1","tintindex":0},"south":{"uv":[5.25,6.0,5.5,6.25],"rotation":270,"texture":"#1","tintindex":0},"north":{"uv":[5.5,5.5,5.25,5.75],"rotation":90,"texture":"#1","tintindex":0},"west":{"uv":[5.25,5.5,5.5,6.25],"rotation":270,"texture":"#1","tintindex":0},"up":{"uv":[5.25,5.5,5.5,6.25],"rotation":0,"texture":"#1","tintindex":0},"down":{"uv":[5.25,5.5,5.5,6.25],"rotation":180,"texture":"#1","tintindex":0}}},{"from":[7.4257145,6.3171573,2.229247],"to":[8.0,6.891443,3.9521046],"rotation":{"angle":-22.5,"axis":"x","origin":[8.284286,11.934607,5.9626145]},"faces":{"east":{"uv":[5.0,6.5,5.25,5.75],"rotation":270,"texture":"#1","tintindex":0},"south":{"uv":[5.0,6.25,5.25,6.5],"rotation":270,"texture":"#1","tintindex":0},"north":{"uv":[5.25,5.75,5.0,6.0],"rotation":90,"texture":"#1","tintindex":0},"west":{"uv":[5.0,5.75,5.25,6.5],"rotation":270,"texture":"#1","tintindex":0},"up":{"uv":[5.0,5.75,5.25,6.5],"rotation":0,"texture":"#1","tintindex":0},"down":{"uv":[5.0,5.75,5.25,6.5],"rotation":180,"texture":"#1","tintindex":0}}},{"from":[7.4257145,5.7428713,2.803533],"to":[8.0,6.3171573,4.52639],"rotation":{"angle":-22.5,"axis":"x","origin":[8.284286,11.934607,5.9626145]},"faces":{"east":{"uv":[4.75,6.75,5.0,6.0],"rotation":270,"texture":"#1","tintindex":0},"south":{"uv":[4.75,6.5,5.0,6.75],"rotation":270,"texture":"#1","tintindex":0},"north":{"uv":[5.0,6.0,4.75,6.25],"rotation":90,"texture":"#1","tintindex":0},"west":{"uv":[4.75,6.0,5.0,6.75],"rotation":270,"texture":"#1","tintindex":0},"up":{"uv":[4.75,6.0,5.0,6.75],"rotation":0,"texture":"#1","tintindex":0},"down":{"uv":[4.75,6.0,5.0,6.75],"rotation":180,"texture":"#1","tintindex":0}}},{"from":[7.4257145,5.168586,3.377819],"to":[8.0,5.7428713,5.1006756],"rotation":{"angle":-22.5,"axis":"x","origin":[8.284286,11.934607,5.9626145]},"faces":{"east":{"uv":[4.5,7.0,4.75,6.25],"rotation":270,"texture":"#1","tintindex":0},"south":{"uv":[4.5,6.75,4.75,7.0],"rotation":270,"texture":"#1","tintindex":0},"north":{"uv":[4.75,6.25,4.5,6.5],"rotation":90,"texture":"#1","tintindex":0},"west":{"uv":[4.5,6.25,4.75,7.0],"rotation":270,"texture":"#1","tintindex":0},"up":{"uv":[4.5,6.25,4.75,7.0],"rotation":0,"texture":"#1","tintindex":0},"down":{"uv":[4.5,6.25,4.75,7.0],"rotation":180,"texture":"#1","tintindex":0}}},{"from":[7.4257145,4.5943003,3.9521046],"to":[8.0,5.168586,5.6749616],"rotation":{"angle":-22.5,"axis":"x","origin":[8.284286,11.934607,5.9626145]},"faces":{"east":{"uv":[4.25,7.25,4.5,6.5],"rotation":270,"texture":"#1","tintindex":0},"south":{"uv":[4.25,7.0,4.5,7.25],"rotation":270,"texture":"#1","tintindex":0},"north":{"uv":[4.5,6.5,4.25,6.75],"rotation":90,"texture":"#1","tintindex":0},"west":{"uv":[4.25,6.5,4.5,7.25],"rotation":270,"texture":"#1","tintindex":0},"up":{"uv":[4.25,6.5,4.5,7.25],"rotation":0,"texture":"#1","tintindex":0},"down":{"uv":[4.25,6.5,4.5,7.25],"rotation":180,"texture":"#1","tintindex":0}}},{"from":[7.4257145,4.0200143,4.52639],"to":[8.0,4.5943003,5.6749616],"rotation":{"angle":-22.5,"axis":"x","origin":[8.284286,11.934607,5.9626145]},"faces":{"east":{"uv":[4.0,7.25,4.25,6.75],"rotation":270,"texture":"#1","tintindex":0},"south":{"uv":[4.0,7.0,4.25,7.25],"rotation":270,"texture":"#1","tintindex":0},"north":{"uv":[4.25,6.75,4.0,7.0],"rotation":90,"texture":"#1","tintindex":0},"west":{"uv":[4.0,6.75,4.25,7.25],"rotation":270,"texture":"#1","tintindex":0},"up":{"uv":[4.0,6.75,4.25,7.25],"rotation":0,"texture":"#1","tintindex":0},"down":{"uv":[4.0,6.75,4.25,7.25],"rotation":180,"texture":"#1","tintindex":0}}},{"from":[7.4257145,8.040014,-2.3650389],"to":[8.0,9.188586,1.6549616],"rotation":{"angle":-22.5,"axis":"x","origin":[8.284286,11.934607,5.9626145]},"faces":{"east":{"uv":[5.75,5.5,6.25,3.75],"rotation":270,"texture":"#1","tintindex":0},"south":{"uv":[5.75,5.25,6.25,5.5],"rotation":270,"texture":"#1","tintindex":0},"north":{"uv":[6.25,3.75,5.75,4.0],"rotation":90,"texture":"#1","tintindex":0},"west":{"uv":[5.75,3.75,6.25,5.5],"rotation":270,"texture":"#1","tintindex":0},"up":{"uv":[6.0,3.75,6.25,5.5],"rotation":0,"texture":"#1","tintindex":0},"down":{"uv":[5.75,3.75,6.0,5.5],"rotation":180,"texture":"#1","tintindex":0}}},{"from":[6.862857,4.5714283,5.714286],"to":[9.148571,8.0,8.0],"rotation":{"angle":0.0,"axis":"y","origin":[4.5714283,-2.285715,6.857143]},"faces":{"east":{"uv":[4.0,6.5,5.0,8.0],"rotation":0,"texture":"#0","tintindex":0},"south":{"uv":[5.0,6.5,6.0,8.0],"rotation":0,"texture":"#0","tintindex":0},"north":{"uv":[3.0,6.5,4.0,8.0],"rotation":0,"texture":"#0","tintindex":0},"west":{"uv":[6.0,6.5,7.0,8.0],"rotation":0,"texture":"#0","tintindex":0},"up":{"uv":[9.0,5.5,8.0,4.5],"rotation":0,"texture":"#0","tintindex":0},"down":{"uv":[6.0,8.0,5.0,9.0],"rotation":0,"texture":"#0","tintindex":0}}}],"display":{"head":{"translation":[0.0,-6.4,0.0],"scale":[4.0,4.0,4.0]}}}