{"textures":{"1":"modelengine:entity/herobrine_bits","3":"modelengine:entity/herobrine_alex"},"elements":[{"from":[6.862857,4.5714283,5.714286],"to":[8.862857,8.0,7.714286],"rotation":{"angle":0.0,"axis":"y","origin":[4.5714283,-2.285715,6.857143]},"faces":{"east":{"uv":[4.0,6.5,5.0,8.0],"rotation":0,"texture":"#3","tintindex":0},"south":{"uv":[5.0,6.5,6.0,8.0],"rotation":0,"texture":"#3","tintindex":0},"north":{"uv":[3.0,6.5,4.0,8.0],"rotation":0,"texture":"#3","tintindex":0},"west":{"uv":[6.0,6.5,7.0,8.0],"rotation":0,"texture":"#3","tintindex":0},"up":{"uv":[9.0,5.5,8.0,4.5],"rotation":0,"texture":"#3","tintindex":0},"down":{"uv":[6.0,8.0,5.0,9.0],"rotation":0,"texture":"#3","tintindex":0}}},{"from":[12.147251,-2.1668606,5.2785654],"to":[12.721537,0.7045679,5.852851],"rotation":{"angle":45.0,"axis":"z","origin":[7.1876836,-7.785859,19.238626]},"faces":{"east":{"uv":[8.25,5.0,8.5,6.25],"rotation":180,"texture":"#1","tintindex":0},"south":{"uv":[8.25,6.25,8.5,5.0],"rotation":0,"texture":"#1","tintindex":0},"north":{"uv":[8.25,5.0,8.5,6.25],"rotation":180,"texture":"#1","tintindex":0},"west":{"uv":[8.25,5.0,8.5,6.25],"rotation":180,"texture":"#1","tintindex":0},"up":{"uv":[8.25,6.0,8.5,6.25],"rotation":0,"texture":"#1","tintindex":0},"down":{"uv":[8.5,5.0,8.25,5.25],"rotation":180,"texture":"#1","tintindex":0}}},{"from":[12.147251,-3.889718,5.2785654],"to":[13.295822,-3.3154325,5.852851],"rotation":{"angle":45.0,"axis":"z","origin":[7.1876836,-7.785859,19.238626]},"faces":{"east":{"uv":[8.5,4.25,8.75,4.5],"rotation":180,"texture":"#1","tintindex":0},"south":{"uv":[8.25,4.5,8.75,4.25],"rotation":0,"texture":"#1","tintindex":0},"north":{"uv":[8.25,4.25,8.75,4.5],"rotation":180,"texture":"#1","tintindex":0},"west":{"uv":[8.25,4.25,8.5,4.5],"rotation":180,"texture":"#1","tintindex":0},"up":{"uv":[8.25,4.25,8.75,4.5],"rotation":0,"texture":"#1","tintindex":0},"down":{"uv":[8.75,4.25,8.25,4.5],"rotation":180,"texture":"#1","tintindex":0}}},{"from":[12.721537,-2.741147,5.2785654],"to":[13.295822,-0.44400406,5.852851],"rotation":{"angle":45.0,"axis":"z","origin":[7.1876836,-7.785859,19.238626]},"faces":{"east":{"uv":[8.5,4.75,8.75,5.75],"rotation":180,"texture":"#1","tintindex":0},"south":{"uv":[8.5,5.75,8.75,4.75],"rotation":0,"texture":"#1","tintindex":0},"north":{"uv":[8.5,4.75,8.75,5.75],"rotation":180,"texture":"#1","tintindex":0},"west":{"uv":[8.5,4.75,8.75,5.75],"rotation":180,"texture":"#1","tintindex":0},"up":{"uv":[8.5,5.5,8.75,5.75],"rotation":0,"texture":"#1","tintindex":0},"down":{"uv":[8.75,4.75,8.5,5.0],"rotation":180,"texture":"#1","tintindex":0}}},{"from":[11.572966,-3.3154325,5.2785654],"to":[12.147251,-2.1668606,5.852851],"rotation":{"angle":45.0,"axis":"z","origin":[7.1876836,-7.785859,19.238626]},"faces":{"east":{"uv":[8.0,4.5,8.25,5.0],"rotation":180,"texture":"#1","tintindex":0},"south":{"uv":[8.0,5.0,8.25,4.5],"rotation":0,"texture":"#1","tintindex":0},"north":{"uv":[8.0,4.5,8.25,5.0],"rotation":180,"texture":"#1","tintindex":0},"west":{"uv":[8.0,4.5,8.25,5.0],"rotation":180,"texture":"#1","tintindex":0},"up":{"uv":[8.0,4.75,8.25,5.0],"rotation":0,"texture":"#1","tintindex":0},"down":{"uv":[8.25,4.5,8.0,4.75],"rotation":180,"texture":"#1","tintindex":0}}},{"from":[11.572966,-1.5925751,5.2785654],"to":[12.147251,3.001711,5.852851],"rotation":{"angle":45.0,"axis":"z","origin":[7.1876836,-7.785859,19.238626]},"faces":{"east":{"uv":[8.0,5.25,8.25,7.25],"rotation":180,"texture":"#1","tintindex":0},"south":{"uv":[8.0,7.25,8.25,5.25],"rotation":0,"texture":"#1","tintindex":0},"north":{"uv":[8.0,5.25,8.25,7.25],"rotation":180,"texture":"#1","tintindex":0},"west":{"uv":[8.0,5.25,8.25,7.25],"rotation":180,"texture":"#1","tintindex":0},"up":{"uv":[8.0,7.0,8.25,7.25],"rotation":0,"texture":"#1","tintindex":0},"down":{"uv":[8.25,5.25,8.0,5.5],"rotation":180,"texture":"#1","tintindex":0}}},{"from":[10.998679,-0.44400406,5.2785654],"to":[11.572966,3.001711,5.852851],"rotation":{"angle":45.0,"axis":"z","origin":[7.1876836,-7.785859,19.238626]},"faces":{"east":{"uv":[7.75,5.75,8.0,7.25],"rotation":180,"texture":"#1","tintindex":0},"south":{"uv":[7.75,7.25,8.0,5.75],"rotation":0,"texture":"#1","tintindex":0},"north":{"uv":[7.75,5.75,8.0,7.25],"rotation":180,"texture":"#1","tintindex":0},"west":{"uv":[7.75,5.75,8.0,7.25],"rotation":180,"texture":"#1","tintindex":0},"up":{"uv":[7.75,7.0,8.0,7.25],"rotation":0,"texture":"#1","tintindex":0},"down":{"uv":[8.0,5.75,7.75,6.0],"rotation":180,"texture":"#1","tintindex":0}}},{"from":[10.424394,1.8531394,5.2785654],"to":[10.998679,2.427425,5.852851],"rotation":{"angle":45.0,"axis":"z","origin":[7.1876836,-7.785859,19.238626]},"faces":{"east":{"uv":[7.5,6.75,7.75,7.0],"rotation":180,"texture":"#1","tintindex":0},"south":{"uv":[7.5,7.0,7.75,6.75],"rotation":0,"texture":"#1","tintindex":0},"north":{"uv":[7.5,6.75,7.75,7.0],"rotation":180,"texture":"#1","tintindex":0},"west":{"uv":[7.5,6.75,7.75,7.0],"rotation":180,"texture":"#1","tintindex":0},"up":{"uv":[7.5,6.75,7.75,7.0],"rotation":0,"texture":"#1","tintindex":0},"down":{"uv":[7.75,6.75,7.5,7.0],"rotation":180,"texture":"#1","tintindex":0}}},{"from":[12.147251,1.8531394,5.2785654],"to":[12.721537,2.427425,5.852851],"rotation":{"angle":45.0,"axis":"z","origin":[7.1876836,-7.785859,19.238626]},"faces":{"east":{"uv":[8.25,6.75,8.5,7.0],"rotation":180,"texture":"#1","tintindex":0},"south":{"uv":[8.25,7.0,8.5,6.75],"rotation":0,"texture":"#1","tintindex":0},"north":{"uv":[8.25,6.75,8.5,7.0],"rotation":180,"texture":"#1","tintindex":0},"west":{"uv":[8.25,6.75,8.5,7.0],"rotation":180,"texture":"#1","tintindex":0},"up":{"uv":[8.25,6.75,8.5,7.0],"rotation":0,"texture":"#1","tintindex":0},"down":{"uv":[8.5,6.75,8.25,7.0],"rotation":180,"texture":"#1","tintindex":0}}},{"from":[13.295822,0.7045679,5.2785654],"to":[13.870108,1.2788534,5.852851],"rotation":{"angle":45.0,"axis":"z","origin":[7.1876836,-7.785859,19.238626]},"faces":{"east":{"uv":[8.75,6.25,9.0,6.5],"rotation":180,"texture":"#1","tintindex":0},"south":{"uv":[8.75,6.5,9.0,6.25],"rotation":0,"texture":"#1","tintindex":0},"north":{"uv":[8.75,6.25,9.0,6.5],"rotation":180,"texture":"#1","tintindex":0},"west":{"uv":[8.75,6.25,9.0,6.5],"rotation":180,"texture":"#1","tintindex":0},"up":{"uv":[8.75,6.25,9.0,6.5],"rotation":0,"texture":"#1","tintindex":0},"down":{"uv":[9.0,6.25,8.75,6.5],"rotation":180,"texture":"#1","tintindex":0}}},{"from":[12.721537,1.2788534,5.2785654],"to":[13.295822,1.8531394,5.852851],"rotation":{"angle":45.0,"axis":"z","origin":[7.1876836,-7.785859,19.238626]},"faces":{"east":{"uv":[8.5,6.5,8.75,6.75],"rotation":180,"texture":"#1","tintindex":0},"south":{"uv":[8.5,6.75,8.75,6.5],"rotation":0,"texture":"#1","tintindex":0},"north":{"uv":[8.5,6.5,8.75,6.75],"rotation":180,"texture":"#1","tintindex":0},"west":{"uv":[8.5,6.5,8.75,6.75],"rotation":180,"texture":"#1","tintindex":0},"up":{"uv":[8.5,6.5,8.75,6.75],"rotation":0,"texture":"#1","tintindex":0},"down":{"uv":[8.75,6.5,8.5,6.75],"rotation":180,"texture":"#1","tintindex":0}}},{"from":[13.870108,-3.889718,5.2785654],"to":[15.01868,0.7045679,5.852851],"rotation":{"angle":45.0,"axis":"z","origin":[7.1876836,-7.785859,19.238626]},"faces":{"east":{"uv":[9.25,4.25,9.5,6.25],"rotation":180,"texture":"#1","tintindex":0},"south":{"uv":[9.0,6.25,9.5,4.25],"rotation":0,"texture":"#1","tintindex":0},"north":{"uv":[9.0,4.25,9.5,6.25],"rotation":180,"texture":"#1","tintindex":0},"west":{"uv":[9.0,4.25,9.25,6.25],"rotation":180,"texture":"#1","tintindex":0},"up":{"uv":[9.0,6.0,9.5,6.25],"rotation":0,"texture":"#1","tintindex":0},"down":{"uv":[9.5,4.25,9.0,4.5],"rotation":180,"texture":"#1","tintindex":0}}},{"from":[13.295822,-3.3154325,5.2785654],"to":[13.870108,0.13028193,5.852851],"rotation":{"angle":45.0,"axis":"z","origin":[7.1876836,-7.785859,19.238626]},"faces":{"east":{"uv":[8.75,4.5,9.0,6.0],"rotation":180,"texture":"#1","tintindex":0},"south":{"uv":[8.75,6.0,9.0,4.5],"rotation":0,"texture":"#1","tintindex":0},"north":{"uv":[8.75,4.5,9.0,6.0],"rotation":180,"texture":"#1","tintindex":0},"west":{"uv":[8.75,4.5,9.0,6.0],"rotation":180,"texture":"#1","tintindex":0},"up":{"uv":[8.75,5.75,9.0,6.0],"rotation":0,"texture":"#1","tintindex":0},"down":{"uv":[9.0,4.5,8.75,4.75],"rotation":180,"texture":"#1","tintindex":0}}},{"from":[15.01868,-4.4640036,5.2785654],"to":[16.741537,-2.741147,5.852851],"rotation":{"angle":45.0,"axis":"z","origin":[7.1876836,-7.785859,19.238626]},"faces":{"east":{"uv":[10.0,4.0,10.25,4.75],"rotation":180,"texture":"#1","tintindex":0},"south":{"uv":[9.5,4.75,10.25,4.0],"rotation":0,"texture":"#1","tintindex":0},"north":{"uv":[9.5,4.0,10.25,4.75],"rotation":180,"texture":"#1","tintindex":0},"west":{"uv":[9.5,4.0,9.75,4.75],"rotation":180,"texture":"#1","tintindex":0},"up":{"uv":[9.5,4.5,10.25,4.75],"rotation":0,"texture":"#1","tintindex":0},"down":{"uv":[10.25,4.0,9.5,4.25],"rotation":180,"texture":"#1","tintindex":0}}},{"from":[17.315823,-5.038289,5.2785654],"to":[17.89011,-2.741147,5.852851],"rotation":{"angle":45.0,"axis":"z","origin":[7.1876836,-7.785859,19.238626]},"faces":{"east":{"uv":[10.5,3.75,10.75,4.75],"rotation":180,"texture":"#1","tintindex":0},"south":{"uv":[10.5,4.75,10.75,3.75],"rotation":0,"texture":"#1","tintindex":0},"north":{"uv":[10.5,3.75,10.75,4.75],"rotation":180,"texture":"#1","tintindex":0},"west":{"uv":[10.5,3.75,10.75,4.75],"rotation":180,"texture":"#1","tintindex":0},"up":{"uv":[10.5,4.5,10.75,4.75],"rotation":0,"texture":"#1","tintindex":0},"down":{"uv":[10.75,3.75,10.5,4.0],"rotation":180,"texture":"#1","tintindex":0}}},{"from":[16.741537,-4.4640036,5.2785654],"to":[17.315823,-3.3154325,5.852851],"rotation":{"angle":45.0,"axis":"z","origin":[7.1876836,-7.785859,19.238626]},"faces":{"east":{"uv":[10.25,4.0,10.5,4.5],"rotation":180,"texture":"#1","tintindex":0},"south":{"uv":[10.25,4.5,10.5,4.0],"rotation":0,"texture":"#1","tintindex":0},"north":{"uv":[10.25,4.0,10.5,4.5],"rotation":180,"texture":"#1","tintindex":0},"west":{"uv":[10.25,4.0,10.5,4.5],"rotation":180,"texture":"#1","tintindex":0},"up":{"uv":[10.25,4.25,10.5,4.5],"rotation":0,"texture":"#1","tintindex":0},"down":{"uv":[10.5,4.0,10.25,4.25],"rotation":180,"texture":"#1","tintindex":0}}},{"from":[17.89011,-4.4640036,5.2785654],"to":[18.464394,-3.3154325,5.852851],"rotation":{"angle":45.0,"axis":"z","origin":[7.1876836,-7.785859,19.238626]},"faces":{"east":{"uv":[10.75,4.0,11.0,4.5],"rotation":180,"texture":"#1","tintindex":0},"south":{"uv":[10.75,4.5,11.0,4.0],"rotation":0,"texture":"#1","tintindex":0},"north":{"uv":[10.75,4.0,11.0,4.5],"rotation":180,"texture":"#1","tintindex":0},"west":{"uv":[10.75,4.0,11.0,4.5],"rotation":180,"texture":"#1","tintindex":0},"up":{"uv":[10.75,4.25,11.0,4.5],"rotation":0,"texture":"#1","tintindex":0},"down":{"uv":[11.0,4.0,10.75,4.25],"rotation":180,"texture":"#1","tintindex":0}}},{"from":[16.741537,-2.741147,5.2785654],"to":[17.315823,-2.1668606,5.852851],"rotation":{"angle":45.0,"axis":"z","origin":[7.1876836,-7.785859,19.238626]},"faces":{"east":{"uv":[10.25,4.75,10.5,5.0],"rotation":180,"texture":"#1","tintindex":0},"south":{"uv":[10.25,5.0,10.5,4.75],"rotation":0,"texture":"#1","tintindex":0},"north":{"uv":[10.25,4.75,10.5,5.0],"rotation":180,"texture":"#1","tintindex":0},"west":{"uv":[10.25,4.75,10.5,5.0],"rotation":180,"texture":"#1","tintindex":0},"up":{"uv":[10.25,4.75,10.5,5.0],"rotation":0,"texture":"#1","tintindex":0},"down":{"uv":[10.5,4.75,10.25,5.0],"rotation":180,"texture":"#1","tintindex":0}}},{"from":[16.167252,-2.1668606,5.2785654],"to":[16.741537,-1.5925751,5.852851],"rotation":{"angle":45.0,"axis":"z","origin":[7.1876836,-7.785859,19.238626]},"faces":{"east":{"uv":[10.0,5.0,10.25,5.25],"rotation":180,"texture":"#1","tintindex":0},"south":{"uv":[10.0,5.25,10.25,5.0],"rotation":0,"texture":"#1","tintindex":0},"north":{"uv":[10.0,5.0,10.25,5.25],"rotation":180,"texture":"#1","tintindex":0},"west":{"uv":[10.0,5.0,10.25,5.25],"rotation":180,"texture":"#1","tintindex":0},"up":{"uv":[10.0,5.0,10.25,5.25],"rotation":0,"texture":"#1","tintindex":0},"down":{"uv":[10.25,5.0,10.0,5.25],"rotation":180,"texture":"#1","tintindex":0}}},{"from":[15.592966,-1.5925751,5.2785654],"to":[16.167252,2.427425,5.852851],"rotation":{"angle":45.0,"axis":"z","origin":[7.1876836,-7.785859,19.238626]},"faces":{"east":{"uv":[9.75,5.25,10.0,7.0],"rotation":180,"texture":"#1","tintindex":0},"south":{"uv":[9.75,7.0,10.0,5.25],"rotation":0,"texture":"#1","tintindex":0},"north":{"uv":[9.75,5.25,10.0,7.0],"rotation":180,"texture":"#1","tintindex":0},"west":{"uv":[9.75,5.25,10.0,7.0],"rotation":180,"texture":"#1","tintindex":0},"up":{"uv":[9.75,6.75,10.0,7.0],"rotation":0,"texture":"#1","tintindex":0},"down":{"uv":[10.0,5.25,9.75,5.5],"rotation":180,"texture":"#1","tintindex":0}}},{"from":[15.01868,-2.1668606,5.2785654],"to":[15.592966,1.8531394,5.852851],"rotation":{"angle":45.0,"axis":"z","origin":[7.1876836,-7.785859,19.238626]},"faces":{"east":{"uv":[9.5,5.0,9.75,6.75],"rotation":180,"texture":"#1","tintindex":0},"south":{"uv":[9.5,6.75,9.75,5.0],"rotation":0,"texture":"#1","tintindex":0},"north":{"uv":[9.5,5.0,9.75,6.75],"rotation":180,"texture":"#1","tintindex":0},"west":{"uv":[9.5,5.0,9.75,6.75],"rotation":180,"texture":"#1","tintindex":0},"up":{"uv":[9.5,6.5,9.75,6.75],"rotation":0,"texture":"#1","tintindex":0},"down":{"uv":[9.75,5.0,9.5,5.25],"rotation":180,"texture":"#1","tintindex":0}}},{"from":[14.444394,0.7045679,5.2785654],"to":[15.01868,1.2788534,5.852851],"rotation":{"angle":45.0,"axis":"z","origin":[7.1876836,-7.785859,19.238626]},"faces":{"east":{"uv":[9.25,6.25,9.5,6.5],"rotation":180,"texture":"#1","tintindex":0},"south":{"uv":[9.25,6.5,9.5,6.25],"rotation":0,"texture":"#1","tintindex":0},"north":{"uv":[9.25,6.25,9.5,6.5],"rotation":180,"texture":"#1","tintindex":0},"west":{"uv":[9.25,6.25,9.5,6.5],"rotation":180,"texture":"#1","tintindex":0},"up":{"uv":[9.25,6.25,9.5,6.5],"rotation":0,"texture":"#1","tintindex":0},"down":{"uv":[9.5,6.25,9.25,6.5],"rotation":180,"texture":"#1","tintindex":0}}},{"from":[16.167252,-1.0182896,5.2785654],"to":[16.741537,2.427425,5.852851],"rotation":{"angle":45.0,"axis":"z","origin":[7.1876836,-7.785859,19.238626]},"faces":{"east":{"uv":[10.0,5.5,10.25,7.0],"rotation":180,"texture":"#1","tintindex":0},"south":{"uv":[10.0,7.0,10.25,5.5],"rotation":0,"texture":"#1","tintindex":0},"north":{"uv":[10.0,5.5,10.25,7.0],"rotation":180,"texture":"#1","tintindex":0},"west":{"uv":[10.0,5.5,10.25,7.0],"rotation":180,"texture":"#1","tintindex":0},"up":{"uv":[10.0,6.75,10.25,7.0],"rotation":0,"texture":"#1","tintindex":0},"down":{"uv":[10.25,5.5,10.0,5.75],"rotation":180,"texture":"#1","tintindex":0}}},{"from":[17.315823,0.13028193,5.2785654],"to":[17.89011,3.5759964,5.852851],"rotation":{"angle":45.0,"axis":"z","origin":[7.1876836,-7.785859,19.238626]},"faces":{"east":{"uv":[10.5,6.0,10.75,7.5],"rotation":180,"texture":"#1","tintindex":0},"south":{"uv":[10.5,7.5,10.75,6.0],"rotation":0,"texture":"#1","tintindex":0},"north":{"uv":[10.5,6.0,10.75,7.5],"rotation":180,"texture":"#1","tintindex":0},"west":{"uv":[10.5,6.0,10.75,7.5],"rotation":180,"texture":"#1","tintindex":0},"up":{"uv":[10.5,7.25,10.75,7.5],"rotation":0,"texture":"#1","tintindex":0},"down":{"uv":[10.75,6.0,10.5,6.25],"rotation":180,"texture":"#1","tintindex":0}}},{"from":[16.741537,-0.44400406,5.2785654],"to":[17.315823,3.001711,5.852851],"rotation":{"angle":45.0,"axis":"z","origin":[7.1876836,-7.785859,19.238626]},"faces":{"east":{"uv":[10.25,5.75,10.5,7.25],"rotation":180,"texture":"#1","tintindex":0},"south":{"uv":[10.25,7.25,10.5,5.75],"rotation":0,"texture":"#1","tintindex":0},"north":{"uv":[10.25,5.75,10.5,7.25],"rotation":180,"texture":"#1","tintindex":0},"west":{"uv":[10.25,5.75,10.5,7.25],"rotation":180,"texture":"#1","tintindex":0},"up":{"uv":[10.25,7.0,10.5,7.25],"rotation":0,"texture":"#1","tintindex":0},"down":{"uv":[10.5,5.75,10.25,6.0],"rotation":180,"texture":"#1","tintindex":0}}},{"from":[17.89011,1.2788534,5.2785654],"to":[18.464394,4.1502824,5.852851],"rotation":{"angle":45.0,"axis":"z","origin":[7.1876836,-7.785859,19.238626]},"faces":{"east":{"uv":[10.75,6.5,11.0,7.75],"rotation":180,"texture":"#1","tintindex":0},"south":{"uv":[10.75,7.75,11.0,6.5],"rotation":0,"texture":"#1","tintindex":0},"north":{"uv":[10.75,6.5,11.0,7.75],"rotation":180,"texture":"#1","tintindex":0},"west":{"uv":[10.75,6.5,11.0,7.75],"rotation":180,"texture":"#1","tintindex":0},"up":{"uv":[10.75,7.5,11.0,7.75],"rotation":0,"texture":"#1","tintindex":0},"down":{"uv":[11.0,6.5,10.75,6.75],"rotation":180,"texture":"#1","tintindex":0}}},{"from":[18.464394,1.8531394,5.2785654],"to":[19.03868,4.1502824,5.852851],"rotation":{"angle":45.0,"axis":"z","origin":[7.1876836,-7.785859,19.238626]},"faces":{"east":{"uv":[11.0,6.75,11.25,7.75],"rotation":180,"texture":"#1","tintindex":0},"south":{"uv":[11.0,7.75,11.25,6.75],"rotation":0,"texture":"#1","tintindex":0},"north":{"uv":[11.0,6.75,11.25,7.75],"rotation":180,"texture":"#1","tintindex":0},"west":{"uv":[11.0,6.75,11.25,7.75],"rotation":180,"texture":"#1","tintindex":0},"up":{"uv":[11.0,7.5,11.25,7.75],"rotation":0,"texture":"#1","tintindex":0},"down":{"uv":[11.25,6.75,11.0,7.0],"rotation":180,"texture":"#1","tintindex":0}}},{"from":[19.03868,2.427425,5.2785654],"to":[19.612965,3.5759964,5.852851],"rotation":{"angle":45.0,"axis":"z","origin":[7.1876836,-7.785859,19.238626]},"faces":{"east":{"uv":[11.25,7.0,11.5,7.5],"rotation":180,"texture":"#1","tintindex":0},"south":{"uv":[11.25,7.5,11.5,7.0],"rotation":0,"texture":"#1","tintindex":0},"north":{"uv":[11.25,7.0,11.5,7.5],"rotation":180,"texture":"#1","tintindex":0},"west":{"uv":[11.25,7.0,11.5,7.5],"rotation":180,"texture":"#1","tintindex":0},"up":{"uv":[11.25,7.25,11.5,7.5],"rotation":0,"texture":"#1","tintindex":0},"down":{"uv":[11.5,7.0,11.25,7.25],"rotation":180,"texture":"#1","tintindex":0}}}],"display":{"head":{"translation":[0.0,-6.4,0.0],"scale":[4.0,4.0,4.0]}}}