{"textures":{"1":"modelengine:entity/herobrine_bits","3":"modelengine:entity/herobrine_alex"},"elements":[{"from":[16.386183,4.047186,5.0335426],"to":[17.534756,4.621472,5.607828],"rotation":{"angle":-45.0,"axis":"z","origin":[17.14347,16.727158,6.390676]},"faces":{"east":{"uv":[9.5,11.5,9.25,11.75],"rotation":90,"texture":"#1","tintindex":0},"south":{"uv":[9.25,12.0,9.5,11.5],"rotation":270,"texture":"#1","tintindex":0},"north":{"uv":[9.25,11.5,9.5,12.0],"rotation":270,"texture":"#1","tintindex":0},"west":{"uv":[9.25,11.75,9.5,12.0],"rotation":270,"texture":"#1","tintindex":0},"up":{"uv":[9.25,11.5,9.5,12.0],"rotation":90,"texture":"#1","tintindex":0},"down":{"uv":[9.25,11.5,9.5,12.0],"rotation":90,"texture":"#1","tintindex":0}}},{"from":[15.811897,3.4729004,5.0335426],"to":[18.10904,4.047186,5.607828],"rotation":{"angle":-45.0,"axis":"z","origin":[17.14347,16.727158,6.390676]},"faces":{"east":{"uv":[9.25,11.25,9.0,11.5],"rotation":90,"texture":"#1","tintindex":0},"south":{"uv":[9.0,12.25,9.25,11.25],"rotation":270,"texture":"#1","tintindex":0},"north":{"uv":[9.0,11.25,9.25,12.25],"rotation":270,"texture":"#1","tintindex":0},"west":{"uv":[9.0,12.0,9.25,12.25],"rotation":270,"texture":"#1","tintindex":0},"up":{"uv":[9.0,11.25,9.25,12.25],"rotation":90,"texture":"#1","tintindex":0},"down":{"uv":[9.0,11.25,9.25,12.25],"rotation":90,"texture":"#1","tintindex":0}}},{"from":[15.811897,2.8986144,5.0335426],"to":[18.683325,3.4729004,5.607828],"rotation":{"angle":-45.0,"axis":"z","origin":[17.14347,16.727158,6.390676]},"faces":{"east":{"uv":[9.0,11.0,8.75,11.25],"rotation":90,"texture":"#1","tintindex":0},"south":{"uv":[8.75,12.25,9.0,11.0],"rotation":270,"texture":"#1","tintindex":0},"north":{"uv":[8.75,11.0,9.0,12.25],"rotation":270,"texture":"#1","tintindex":0},"west":{"uv":[8.75,12.0,9.0,12.25],"rotation":270,"texture":"#1","tintindex":0},"up":{"uv":[8.75,11.0,9.0,12.25],"rotation":90,"texture":"#1","tintindex":0},"down":{"uv":[8.75,11.0,9.0,12.25],"rotation":90,"texture":"#1","tintindex":0}}},{"from":[16.386183,2.3243284,5.0335426],"to":[25.00047,2.8986144,5.607828],"rotation":{"angle":-45.0,"axis":"z","origin":[17.14347,16.727158,6.390676]},"faces":{"east":{"uv":[8.75,8.25,8.5,8.5],"rotation":90,"texture":"#1","tintindex":0},"south":{"uv":[8.5,12.0,8.75,8.25],"rotation":270,"texture":"#1","tintindex":0},"north":{"uv":[8.5,8.25,8.75,12.0],"rotation":270,"texture":"#1","tintindex":0},"west":{"uv":[8.5,11.75,8.75,12.0],"rotation":270,"texture":"#1","tintindex":0},"up":{"uv":[8.5,8.25,8.75,12.0],"rotation":90,"texture":"#1","tintindex":0},"down":{"uv":[8.5,8.25,8.75,12.0],"rotation":90,"texture":"#1","tintindex":0}}},{"from":[16.960468,1.7500429,5.0335426],"to":[20.406183,2.3243284,5.607828],"rotation":{"angle":-45.0,"axis":"z","origin":[17.14347,16.727158,6.390676]},"faces":{"east":{"uv":[8.5,10.25,8.25,10.5],"rotation":90,"texture":"#1","tintindex":0},"south":{"uv":[8.25,11.75,8.5,10.25],"rotation":270,"texture":"#1","tintindex":0},"north":{"uv":[8.25,10.25,8.5,11.75],"rotation":270,"texture":"#1","tintindex":0},"west":{"uv":[8.25,11.5,8.5,11.75],"rotation":270,"texture":"#1","tintindex":0},"up":{"uv":[8.25,10.25,8.5,11.75],"rotation":90,"texture":"#1","tintindex":0},"down":{"uv":[8.25,10.25,8.5,11.75],"rotation":90,"texture":"#1","tintindex":0}}},{"from":[17.534756,1.1757574,5.0335426],"to":[20.980469,1.7500429,5.607828],"rotation":{"angle":-45.0,"axis":"z","origin":[17.14347,16.727158,6.390676]},"faces":{"east":{"uv":[8.25,10.0,8.0,10.25],"rotation":90,"texture":"#1","tintindex":0},"south":{"uv":[8.0,11.5,8.25,10.0],"rotation":270,"texture":"#1","tintindex":0},"north":{"uv":[8.0,10.0,8.25,11.5],"rotation":270,"texture":"#1","tintindex":0},"west":{"uv":[8.0,11.25,8.25,11.5],"rotation":270,"texture":"#1","tintindex":0},"up":{"uv":[8.0,10.0,8.25,11.5],"rotation":90,"texture":"#1","tintindex":0},"down":{"uv":[8.0,10.0,8.25,11.5],"rotation":90,"texture":"#1","tintindex":0}}},{"from":[17.534756,0.6014719,5.0335426],"to":[21.554754,1.1757574,5.607828],"rotation":{"angle":-45.0,"axis":"z","origin":[17.14347,16.727158,6.390676]},"faces":{"east":{"uv":[8.0,9.75,7.75,10.0],"rotation":90,"texture":"#1","tintindex":0},"south":{"uv":[7.75,11.5,8.0,9.75],"rotation":270,"texture":"#1","tintindex":0},"north":{"uv":[7.75,9.75,8.0,11.5],"rotation":270,"texture":"#1","tintindex":0},"west":{"uv":[7.75,11.25,8.0,11.5],"rotation":270,"texture":"#1","tintindex":0},"up":{"uv":[7.75,9.75,8.0,11.5],"rotation":90,"texture":"#1","tintindex":0},"down":{"uv":[7.75,9.75,8.0,11.5],"rotation":90,"texture":"#1","tintindex":0}}},{"from":[17.534756,-2.844243,5.0335426],"to":[18.10904,0.027185917,5.607828],"rotation":{"angle":-45.0,"axis":"z","origin":[17.14347,16.727158,6.390676]},"faces":{"east":{"uv":[7.5,11.25,6.25,11.5],"rotation":90,"texture":"#1","tintindex":0},"south":{"uv":[6.25,11.5,7.5,11.25],"rotation":270,"texture":"#1","tintindex":0},"north":{"uv":[6.25,11.25,7.5,11.5],"rotation":270,"texture":"#1","tintindex":0},"west":{"uv":[6.25,11.25,7.5,11.5],"rotation":270,"texture":"#1","tintindex":0},"up":{"uv":[7.25,11.25,7.5,11.5],"rotation":90,"texture":"#1","tintindex":0},"down":{"uv":[6.25,11.25,6.5,11.5],"rotation":90,"texture":"#1","tintindex":0}}},{"from":[17.534756,0.027185917,5.0335426],"to":[22.12904,0.6014719,5.607828],"rotation":{"angle":-45.0,"axis":"z","origin":[17.14347,16.727158,6.390676]},"faces":{"east":{"uv":[7.75,9.5,7.5,9.75],"rotation":90,"texture":"#1","tintindex":0},"south":{"uv":[7.5,11.5,7.75,9.5],"rotation":270,"texture":"#1","tintindex":0},"north":{"uv":[7.5,9.5,7.75,11.5],"rotation":270,"texture":"#1","tintindex":0},"west":{"uv":[7.5,11.25,7.75,11.5],"rotation":270,"texture":"#1","tintindex":0},"up":{"uv":[7.5,9.5,7.75,11.5],"rotation":90,"texture":"#1","tintindex":0},"down":{"uv":[7.5,9.5,7.75,11.5],"rotation":90,"texture":"#1","tintindex":0}}},{"from":[19.25761,-1.1213856,5.0335426],"to":[23.851896,0.027185917,5.607828],"rotation":{"angle":-45.0,"axis":"z","origin":[17.14347,16.727158,6.390676]},"faces":{"east":{"uv":[7.5,8.75,7.0,9.0],"rotation":90,"texture":"#1","tintindex":0},"south":{"uv":[7.0,10.75,7.5,8.75],"rotation":270,"texture":"#1","tintindex":0},"north":{"uv":[7.0,8.75,7.5,10.75],"rotation":270,"texture":"#1","tintindex":0},"west":{"uv":[7.0,10.5,7.5,10.75],"rotation":270,"texture":"#1","tintindex":0},"up":{"uv":[7.25,8.75,7.5,10.75],"rotation":90,"texture":"#1","tintindex":0},"down":{"uv":[7.0,8.75,7.25,10.75],"rotation":90,"texture":"#1","tintindex":0}}},{"from":[18.683325,-0.54710007,5.0335426],"to":[19.25761,0.027185917,5.607828],"rotation":{"angle":-45.0,"axis":"z","origin":[17.14347,16.727158,6.390676]},"faces":{"east":{"uv":[7.5,10.75,7.25,11.0],"rotation":90,"texture":"#1","tintindex":0},"south":{"uv":[7.25,11.0,7.5,10.75],"rotation":270,"texture":"#1","tintindex":0},"north":{"uv":[7.25,10.75,7.5,11.0],"rotation":270,"texture":"#1","tintindex":0},"west":{"uv":[7.25,10.75,7.5,11.0],"rotation":270,"texture":"#1","tintindex":0},"up":{"uv":[7.25,10.75,7.5,11.0],"rotation":90,"texture":"#1","tintindex":0},"down":{"uv":[7.25,10.75,7.5,11.0],"rotation":90,"texture":"#1","tintindex":0}}},{"from":[22.703327,0.027185917,5.0335426],"to":[24.426184,1.7500429,5.607828],"rotation":{"angle":-45.0,"axis":"z","origin":[17.14347,16.727158,6.390676]},"faces":{"east":{"uv":[8.25,8.5,7.5,8.75],"rotation":90,"texture":"#1","tintindex":0},"south":{"uv":[7.5,9.25,8.25,8.5],"rotation":270,"texture":"#1","tintindex":0},"north":{"uv":[7.5,8.5,8.25,9.25],"rotation":270,"texture":"#1","tintindex":0},"west":{"uv":[7.5,9.0,8.25,9.25],"rotation":270,"texture":"#1","tintindex":0},"up":{"uv":[8.0,8.5,8.25,9.25],"rotation":90,"texture":"#1","tintindex":0},"down":{"uv":[7.5,8.5,7.75,9.25],"rotation":90,"texture":"#1","tintindex":0}}},{"from":[23.27761,1.7500429,5.0335426],"to":[24.426184,2.3243284,5.607828],"rotation":{"angle":-45.0,"axis":"z","origin":[17.14347,16.727158,6.390676]},"faces":{"east":{"uv":[8.5,8.5,8.25,8.75],"rotation":90,"texture":"#1","tintindex":0},"south":{"uv":[8.25,9.0,8.5,8.5],"rotation":270,"texture":"#1","tintindex":0},"north":{"uv":[8.25,8.5,8.5,9.0],"rotation":270,"texture":"#1","tintindex":0},"west":{"uv":[8.25,8.75,8.5,9.0],"rotation":270,"texture":"#1","tintindex":0},"up":{"uv":[8.25,8.5,8.5,9.0],"rotation":90,"texture":"#1","tintindex":0},"down":{"uv":[8.25,8.5,8.5,9.0],"rotation":90,"texture":"#1","tintindex":0}}},{"from":[23.27761,2.8986144,5.0335426],"to":[24.426184,3.4729004,5.607828],"rotation":{"angle":-45.0,"axis":"z","origin":[17.14347,16.727158,6.390676]},"faces":{"east":{"uv":[9.0,8.5,8.75,8.75],"rotation":90,"texture":"#1","tintindex":0},"south":{"uv":[8.75,9.0,9.0,8.5],"rotation":270,"texture":"#1","tintindex":0},"north":{"uv":[8.75,8.5,9.0,9.0],"rotation":270,"texture":"#1","tintindex":0},"west":{"uv":[8.75,8.75,9.0,9.0],"rotation":270,"texture":"#1","tintindex":0},"up":{"uv":[8.75,8.5,9.0,9.0],"rotation":90,"texture":"#1","tintindex":0},"down":{"uv":[8.75,8.5,9.0,9.0],"rotation":90,"texture":"#1","tintindex":0}}},{"from":[19.831898,-1.6956711,5.0335426],"to":[23.27761,-1.1213856,5.607828],"rotation":{"angle":-45.0,"axis":"z","origin":[17.14347,16.727158,6.390676]},"faces":{"east":{"uv":[7.0,9.0,6.75,9.25],"rotation":90,"texture":"#1","tintindex":0},"south":{"uv":[6.75,10.5,7.0,9.0],"rotation":270,"texture":"#1","tintindex":0},"north":{"uv":[6.75,9.0,7.0,10.5],"rotation":270,"texture":"#1","tintindex":0},"west":{"uv":[6.75,10.25,7.0,10.5],"rotation":270,"texture":"#1","tintindex":0},"up":{"uv":[6.75,9.0,7.0,10.5],"rotation":90,"texture":"#1","tintindex":0},"down":{"uv":[6.75,9.0,7.0,10.5],"rotation":90,"texture":"#1","tintindex":0}}},{"from":[22.12904,-3.4185286,5.0335426],"to":[23.851896,-1.6956711,5.607828],"rotation":{"angle":-45.0,"axis":"z","origin":[17.14347,16.727158,6.390676]},"faces":{"east":{"uv":[6.75,8.75,6.0,9.0],"rotation":90,"texture":"#1","tintindex":0},"south":{"uv":[6.0,9.5,6.75,8.75],"rotation":270,"texture":"#1","tintindex":0},"north":{"uv":[6.0,8.75,6.75,9.5],"rotation":270,"texture":"#1","tintindex":0},"west":{"uv":[6.0,9.25,6.75,9.5],"rotation":270,"texture":"#1","tintindex":0},"up":{"uv":[6.5,8.75,6.75,9.5],"rotation":90,"texture":"#1","tintindex":0},"down":{"uv":[6.0,8.75,6.25,9.5],"rotation":90,"texture":"#1","tintindex":0}}},{"from":[20.406183,-2.844243,5.0335426],"to":[22.12904,-1.6956711,5.607828],"rotation":{"angle":-45.0,"axis":"z","origin":[17.14347,16.727158,6.390676]},"faces":{"east":{"uv":[6.75,9.5,6.25,9.75],"rotation":90,"texture":"#1","tintindex":0},"south":{"uv":[6.25,10.25,6.75,9.5],"rotation":270,"texture":"#1","tintindex":0},"north":{"uv":[6.25,9.5,6.75,10.25],"rotation":270,"texture":"#1","tintindex":0},"west":{"uv":[6.25,10.0,6.75,10.25],"rotation":270,"texture":"#1","tintindex":0},"up":{"uv":[6.5,9.5,6.75,10.25],"rotation":90,"texture":"#1","tintindex":0},"down":{"uv":[6.25,9.5,6.5,10.25],"rotation":90,"texture":"#1","tintindex":0}}},{"from":[16.960468,-3.4185286,5.0335426],"to":[21.554754,-2.844243,5.607828],"rotation":{"angle":-45.0,"axis":"z","origin":[17.14347,16.727158,6.390676]},"faces":{"east":{"uv":[6.25,9.75,6.0,10.0],"rotation":90,"texture":"#1","tintindex":0},"south":{"uv":[6.0,11.75,6.25,9.75],"rotation":270,"texture":"#1","tintindex":0},"north":{"uv":[6.0,9.75,6.25,11.75],"rotation":270,"texture":"#1","tintindex":0},"west":{"uv":[6.0,11.5,6.25,11.75],"rotation":270,"texture":"#1","tintindex":0},"up":{"uv":[6.0,9.75,6.25,11.75],"rotation":90,"texture":"#1","tintindex":0},"down":{"uv":[6.0,9.75,6.25,11.75],"rotation":90,"texture":"#1","tintindex":0}}},{"from":[16.960468,-3.992815,5.0335426],"to":[20.406183,-3.4185286,5.607828],"rotation":{"angle":-45.0,"axis":"z","origin":[17.14347,16.727158,6.390676]},"faces":{"east":{"uv":[6.0,10.25,5.75,10.5],"rotation":90,"texture":"#1","tintindex":0},"south":{"uv":[5.75,11.75,6.0,10.25],"rotation":270,"texture":"#1","tintindex":0},"north":{"uv":[5.75,10.25,6.0,11.75],"rotation":270,"texture":"#1","tintindex":0},"west":{"uv":[5.75,11.5,6.0,11.75],"rotation":270,"texture":"#1","tintindex":0},"up":{"uv":[5.75,10.25,6.0,11.75],"rotation":90,"texture":"#1","tintindex":0},"down":{"uv":[5.75,10.25,6.0,11.75],"rotation":90,"texture":"#1","tintindex":0}}},{"from":[17.534756,-4.5670996,5.0335426],"to":[18.10904,-3.992815,5.607828],"rotation":{"angle":-45.0,"axis":"z","origin":[17.14347,16.727158,6.390676]},"faces":{"east":{"uv":[5.75,11.25,5.5,11.5],"rotation":90,"texture":"#1","tintindex":0},"south":{"uv":[5.5,11.5,5.75,11.25],"rotation":270,"texture":"#1","tintindex":0},"north":{"uv":[5.5,11.25,5.75,11.5],"rotation":270,"texture":"#1","tintindex":0},"west":{"uv":[5.5,11.25,5.75,11.5],"rotation":270,"texture":"#1","tintindex":0},"up":{"uv":[5.5,11.25,5.75,11.5],"rotation":90,"texture":"#1","tintindex":0},"down":{"uv":[5.5,11.25,5.75,11.5],"rotation":90,"texture":"#1","tintindex":0}}},{"from":[19.25761,-2.844243,5.0335426],"to":[20.406183,-2.2699566,5.607828],"rotation":{"angle":-45.0,"axis":"z","origin":[17.14347,16.727158,6.390676]},"faces":{"east":{"uv":[6.5,10.25,6.25,10.5],"rotation":90,"texture":"#1","tintindex":0},"south":{"uv":[6.25,10.75,6.5,10.25],"rotation":270,"texture":"#1","tintindex":0},"north":{"uv":[6.25,10.25,6.5,10.75],"rotation":270,"texture":"#1","tintindex":0},"west":{"uv":[6.25,10.5,6.5,10.75],"rotation":270,"texture":"#1","tintindex":0},"up":{"uv":[6.25,10.25,6.5,10.75],"rotation":90,"texture":"#1","tintindex":0},"down":{"uv":[6.25,10.25,6.5,10.75],"rotation":90,"texture":"#1","tintindex":0}}},{"from":[6.862857,4.5714283,5.714286],"to":[8.862857,8.0,7.714286],"rotation":{"angle":0.0,"axis":"y","origin":[4.5714283,-2.285715,6.857143]},"faces":{"east":{"uv":[4.0,6.5,5.0,8.0],"rotation":0,"texture":"#3","tintindex":0},"south":{"uv":[5.0,6.5,6.0,8.0],"rotation":0,"texture":"#3","tintindex":0},"north":{"uv":[3.0,6.5,4.0,8.0],"rotation":0,"texture":"#3","tintindex":0},"west":{"uv":[6.0,6.5,7.0,8.0],"rotation":0,"texture":"#3","tintindex":0},"up":{"uv":[9.0,5.5,8.0,4.5],"rotation":0,"texture":"#3","tintindex":0},"down":{"uv":[6.0,8.0,5.0,9.0],"rotation":0,"texture":"#3","tintindex":0}}}],"display":{"head":{"translation":[0.0,-6.4,0.0],"scale":[4.0,4.0,4.0]}}}