{"textures":{"1":"modelengine:entity/herobrine_bits","3":"modelengine:entity/herobrine_alex"},"elements":[{"from":[6.862857,4.5714283,5.714286],"to":[8.862857,8.0,7.714286],"rotation":{"angle":0.0,"axis":"y","origin":[4.5714283,-2.285715,6.857143]},"faces":{"east":{"uv":[4.0,6.5,5.0,8.0],"rotation":0,"texture":"#3","tintindex":0},"south":{"uv":[5.0,6.5,6.0,8.0],"rotation":0,"texture":"#3","tintindex":0},"north":{"uv":[3.0,6.5,4.0,8.0],"rotation":0,"texture":"#3","tintindex":0},"west":{"uv":[6.0,6.5,7.0,8.0],"rotation":0,"texture":"#3","tintindex":0},"up":{"uv":[9.0,5.5,8.0,4.5],"rotation":0,"texture":"#3","tintindex":0},"down":{"uv":[6.0,8.0,5.0,9.0],"rotation":0,"texture":"#3","tintindex":0}}},{"from":[7.4257145,1.6971569,5.7235327],"to":[8.0,2.8457284,7.44639],"rotation":{"angle":-45.0,"axis":"x","origin":[1.9985714,5.659563,3.6351118]},"faces":{"east":{"uv":[0.75,12.25,1.25,11.5],"rotation":270,"texture":"#1","tintindex":0},"south":{"uv":[0.75,12.0,1.25,12.25],"rotation":270,"texture":"#1","tintindex":0},"north":{"uv":[1.25,11.5,0.75,11.75],"rotation":90,"texture":"#1","tintindex":0},"west":{"uv":[0.75,11.5,1.25,12.25],"rotation":270,"texture":"#1","tintindex":0},"up":{"uv":[1.0,11.5,1.25,12.25],"rotation":0,"texture":"#1","tintindex":0},"down":{"uv":[0.75,11.5,1.0,12.25],"rotation":180,"texture":"#1","tintindex":0}}},{"from":[7.4257145,2.8457284,5.149247],"to":[8.0,3.4200144,7.44639],"rotation":{"angle":-45.0,"axis":"x","origin":[1.9985714,5.659563,3.6351118]},"faces":{"east":{"uv":[1.25,12.25,1.5,11.25],"rotation":270,"texture":"#1","tintindex":0},"south":{"uv":[1.25,12.0,1.5,12.25],"rotation":270,"texture":"#1","tintindex":0},"north":{"uv":[1.5,11.25,1.25,11.5],"rotation":90,"texture":"#1","tintindex":0},"west":{"uv":[1.25,11.25,1.5,12.25],"rotation":270,"texture":"#1","tintindex":0},"up":{"uv":[1.25,11.25,1.5,12.25],"rotation":0,"texture":"#1","tintindex":0},"down":{"uv":[1.25,11.25,1.5,12.25],"rotation":180,"texture":"#1","tintindex":0}}},{"from":[7.4257145,3.4200144,4.5749617],"to":[8.0,3.9943,6.2978187],"rotation":{"angle":-45.0,"axis":"x","origin":[1.9985714,5.659563,3.6351118]},"faces":{"east":{"uv":[1.5,11.75,1.75,11.0],"rotation":270,"texture":"#1","tintindex":0},"south":{"uv":[1.5,11.5,1.75,11.75],"rotation":270,"texture":"#1","tintindex":0},"north":{"uv":[1.75,11.0,1.5,11.25],"rotation":90,"texture":"#1","tintindex":0},"west":{"uv":[1.5,11.0,1.75,11.75],"rotation":270,"texture":"#1","tintindex":0},"up":{"uv":[1.5,11.0,1.75,11.75],"rotation":0,"texture":"#1","tintindex":0},"down":{"uv":[1.5,11.0,1.75,11.75],"rotation":180,"texture":"#1","tintindex":0}}},{"from":[7.4257145,3.9943,2.2778187],"to":[8.0,4.5685854,5.7235327],"rotation":{"angle":-45.0,"axis":"x","origin":[1.9985714,5.659563,3.6351118]},"faces":{"east":{"uv":[1.75,11.5,2.0,10.0],"rotation":270,"texture":"#1","tintindex":0},"south":{"uv":[1.75,11.25,2.0,11.5],"rotation":270,"texture":"#1","tintindex":0},"north":{"uv":[2.0,10.0,1.75,10.25],"rotation":90,"texture":"#1","tintindex":0},"west":{"uv":[1.75,10.0,2.0,11.5],"rotation":270,"texture":"#1","tintindex":0},"up":{"uv":[1.75,10.0,2.0,11.5],"rotation":0,"texture":"#1","tintindex":0},"down":{"uv":[1.75,10.0,2.0,11.5],"rotation":180,"texture":"#1","tintindex":0}}},{"from":[7.4257145,3.4200144,2.8521047],"to":[8.0,3.9943,4.000676],"rotation":{"angle":-45.0,"axis":"x","origin":[1.9985714,5.659563,3.6351118]},"faces":{"east":{"uv":[1.5,10.75,1.75,10.25],"rotation":270,"texture":"#1","tintindex":0},"south":{"uv":[1.5,10.5,1.75,10.75],"rotation":270,"texture":"#1","tintindex":0},"north":{"uv":[1.75,10.25,1.5,10.5],"rotation":90,"texture":"#1","tintindex":0},"west":{"uv":[1.5,10.25,1.75,10.75],"rotation":270,"texture":"#1","tintindex":0},"up":{"uv":[1.5,10.25,1.75,10.75],"rotation":0,"texture":"#1","tintindex":0},"down":{"uv":[1.5,10.25,1.75,10.75],"rotation":180,"texture":"#1","tintindex":0}}},{"from":[7.4257145,2.8457284,1.7035327],"to":[8.0,3.9943,2.8521047],"rotation":{"angle":-45.0,"axis":"x","origin":[1.9985714,5.659563,3.6351118]},"faces":{"east":{"uv":[1.25,10.25,1.75,9.75],"rotation":270,"texture":"#1","tintindex":0},"south":{"uv":[1.25,10.0,1.75,10.25],"rotation":270,"texture":"#1","tintindex":0},"north":{"uv":[1.75,9.75,1.25,10.0],"rotation":90,"texture":"#1","tintindex":0},"west":{"uv":[1.25,9.75,1.75,10.25],"rotation":270,"texture":"#1","tintindex":0},"up":{"uv":[1.5,9.75,1.75,10.25],"rotation":0,"texture":"#1","tintindex":0},"down":{"uv":[1.25,9.75,1.5,10.25],"rotation":180,"texture":"#1","tintindex":0}}},{"from":[7.4257145,4.5685854,2.8521047],"to":[8.0,5.1428714,5.149247],"rotation":{"angle":-45.0,"axis":"x","origin":[1.9985714,5.659563,3.6351118]},"faces":{"east":{"uv":[2.0,11.25,2.25,10.25],"rotation":270,"texture":"#1","tintindex":0},"south":{"uv":[2.0,11.0,2.25,11.25],"rotation":270,"texture":"#1","tintindex":0},"north":{"uv":[2.25,10.25,2.0,10.5],"rotation":90,"texture":"#1","tintindex":0},"west":{"uv":[2.0,10.25,2.25,11.25],"rotation":270,"texture":"#1","tintindex":0},"up":{"uv":[2.0,10.25,2.25,11.25],"rotation":0,"texture":"#1","tintindex":0},"down":{"uv":[2.0,10.25,2.25,11.25],"rotation":180,"texture":"#1","tintindex":0}}},{"from":[7.4257145,5.1428714,2.2778187],"to":[8.0,5.7171574,5.7235327],"rotation":{"angle":-45.0,"axis":"x","origin":[1.9985714,5.659563,3.6351118]},"faces":{"east":{"uv":[2.25,11.5,2.5,10.0],"rotation":270,"texture":"#1","tintindex":0},"south":{"uv":[2.25,11.25,2.5,11.5],"rotation":270,"texture":"#1","tintindex":0},"north":{"uv":[2.5,10.0,2.25,10.25],"rotation":90,"texture":"#1","tintindex":0},"west":{"uv":[2.25,10.0,2.5,11.5],"rotation":270,"texture":"#1","tintindex":0},"up":{"uv":[2.25,10.0,2.5,11.5],"rotation":0,"texture":"#1","tintindex":0},"down":{"uv":[2.25,10.0,2.5,11.5],"rotation":180,"texture":"#1","tintindex":0}}},{"from":[7.4257145,6.291443,4.5749617],"to":[8.0,6.8657284,6.2978187],"rotation":{"angle":-45.0,"axis":"x","origin":[1.9985714,5.659563,3.6351118]},"faces":{"east":{"uv":[2.75,11.75,3.0,11.0],"rotation":270,"texture":"#1","tintindex":0},"south":{"uv":[2.75,11.5,3.0,11.75],"rotation":270,"texture":"#1","tintindex":0},"north":{"uv":[3.0,11.0,2.75,11.25],"rotation":90,"texture":"#1","tintindex":0},"west":{"uv":[2.75,11.0,3.0,11.75],"rotation":270,"texture":"#1","tintindex":0},"up":{"uv":[2.75,11.0,3.0,11.75],"rotation":0,"texture":"#1","tintindex":0},"down":{"uv":[2.75,11.0,3.0,11.75],"rotation":180,"texture":"#1","tintindex":0}}},{"from":[7.4257145,6.8657284,5.149247],"to":[8.0,7.4400144,6.2978187],"rotation":{"angle":-45.0,"axis":"x","origin":[1.9985714,5.659563,3.6351118]},"faces":{"east":{"uv":[3.0,11.75,3.25,11.25],"rotation":270,"texture":"#1","tintindex":0},"south":{"uv":[3.0,11.5,3.25,11.75],"rotation":270,"texture":"#1","tintindex":0},"north":{"uv":[3.25,11.25,3.0,11.5],"rotation":90,"texture":"#1","tintindex":0},"west":{"uv":[3.0,11.25,3.25,11.75],"rotation":270,"texture":"#1","tintindex":0},"up":{"uv":[3.0,11.25,3.25,11.75],"rotation":0,"texture":"#1","tintindex":0},"down":{"uv":[3.0,11.25,3.25,11.75],"rotation":180,"texture":"#1","tintindex":0}}},{"from":[7.4257145,6.291443,1.1292472],"to":[8.0,6.8657284,4.000676],"rotation":{"angle":-45.0,"axis":"x","origin":[1.9985714,5.659563,3.6351118]},"faces":{"east":{"uv":[2.75,10.75,3.0,9.5],"rotation":270,"texture":"#1","tintindex":0},"south":{"uv":[2.75,10.5,3.0,10.75],"rotation":270,"texture":"#1","tintindex":0},"north":{"uv":[3.0,9.5,2.75,9.75],"rotation":90,"texture":"#1","tintindex":0},"west":{"uv":[2.75,9.5,3.0,10.75],"rotation":270,"texture":"#1","tintindex":0},"up":{"uv":[2.75,9.5,3.0,10.75],"rotation":0,"texture":"#1","tintindex":0},"down":{"uv":[2.75,9.5,3.0,10.75],"rotation":180,"texture":"#1","tintindex":0}}},{"from":[7.4257145,5.7171574,1.7035327],"to":[8.0,6.291443,5.7235327],"rotation":{"angle":-45.0,"axis":"x","origin":[1.9985714,5.659563,3.6351118]},"faces":{"east":{"uv":[2.5,11.5,2.75,9.75],"rotation":270,"texture":"#1","tintindex":0},"south":{"uv":[2.5,11.25,2.75,11.5],"rotation":270,"texture":"#1","tintindex":0},"north":{"uv":[2.75,9.75,2.5,10.0],"rotation":90,"texture":"#1","tintindex":0},"west":{"uv":[2.5,9.75,2.75,11.5],"rotation":270,"texture":"#1","tintindex":0},"up":{"uv":[2.5,9.75,2.75,11.5],"rotation":0,"texture":"#1","tintindex":0},"down":{"uv":[2.5,9.75,2.75,11.5],"rotation":180,"texture":"#1","tintindex":0}}},{"from":[7.4257145,6.8657284,0.5549612],"to":[8.0,7.4400144,3.4263902],"rotation":{"angle":-45.0,"axis":"x","origin":[1.9985714,5.659563,3.6351118]},"faces":{"east":{"uv":[3.0,10.5,3.25,9.25],"rotation":270,"texture":"#1","tintindex":0},"south":{"uv":[3.0,10.25,3.25,10.5],"rotation":270,"texture":"#1","tintindex":0},"north":{"uv":[3.25,9.25,3.0,9.5],"rotation":90,"texture":"#1","tintindex":0},"west":{"uv":[3.0,9.25,3.25,10.5],"rotation":270,"texture":"#1","tintindex":0},"up":{"uv":[3.0,9.25,3.25,10.5],"rotation":0,"texture":"#1","tintindex":0},"down":{"uv":[3.0,9.25,3.25,10.5],"rotation":180,"texture":"#1","tintindex":0}}},{"from":[7.4257145,7.4400144,-0.019324303],"to":[8.0,8.0143,2.8521047],"rotation":{"angle":-45.0,"axis":"x","origin":[1.9985714,5.659563,3.6351118]},"faces":{"east":{"uv":[3.25,10.25,3.5,9.0],"rotation":270,"texture":"#1","tintindex":0},"south":{"uv":[3.25,10.0,3.5,10.25],"rotation":270,"texture":"#1","tintindex":0},"north":{"uv":[3.5,9.0,3.25,9.25],"rotation":90,"texture":"#1","tintindex":0},"west":{"uv":[3.25,9.0,3.5,10.25],"rotation":270,"texture":"#1","tintindex":0},"up":{"uv":[3.25,9.0,3.5,10.25],"rotation":0,"texture":"#1","tintindex":0},"down":{"uv":[3.25,9.0,3.5,10.25],"rotation":180,"texture":"#1","tintindex":0}}},{"from":[7.4257145,8.0143,-0.59361076],"to":[8.0,8.588586,2.2778187],"rotation":{"angle":-45.0,"axis":"x","origin":[1.9985714,5.659563,3.6351118]},"faces":{"east":{"uv":[3.5,10.0,3.75,8.75],"rotation":270,"texture":"#1","tintindex":0},"south":{"uv":[3.5,9.75,3.75,10.0],"rotation":270,"texture":"#1","tintindex":0},"north":{"uv":[3.75,8.75,3.5,9.0],"rotation":90,"texture":"#1","tintindex":0},"west":{"uv":[3.5,8.75,3.75,10.0],"rotation":270,"texture":"#1","tintindex":0},"up":{"uv":[3.5,8.75,3.75,10.0],"rotation":0,"texture":"#1","tintindex":0},"down":{"uv":[3.5,8.75,3.75,10.0],"rotation":180,"texture":"#1","tintindex":0}}},{"from":[7.4257145,8.588586,-1.1678963],"to":[8.0,9.162871,1.7035327],"rotation":{"angle":-45.0,"axis":"x","origin":[1.9985714,5.659563,3.6351118]},"faces":{"east":{"uv":[3.75,9.75,4.0,8.5],"rotation":270,"texture":"#1","tintindex":0},"south":{"uv":[3.75,9.5,4.0,9.75],"rotation":270,"texture":"#1","tintindex":0},"north":{"uv":[4.0,8.5,3.75,8.75],"rotation":90,"texture":"#1","tintindex":0},"west":{"uv":[3.75,8.5,4.0,9.75],"rotation":270,"texture":"#1","tintindex":0},"up":{"uv":[3.75,8.5,4.0,9.75],"rotation":0,"texture":"#1","tintindex":0},"down":{"uv":[3.75,8.5,4.0,9.75],"rotation":180,"texture":"#1","tintindex":0}}},{"from":[7.4257145,9.162871,-1.7421818],"to":[8.0,10.885729,-0.019324303],"rotation":{"angle":-45.0,"axis":"x","origin":[1.9985714,5.659563,3.6351118]},"faces":{"east":{"uv":[4.0,9.0,4.75,8.25],"rotation":270,"texture":"#1","tintindex":0},"south":{"uv":[4.0,8.75,4.75,9.0],"rotation":270,"texture":"#1","tintindex":0},"north":{"uv":[4.75,8.25,4.0,8.5],"rotation":90,"texture":"#1","tintindex":0},"west":{"uv":[4.0,8.25,4.75,9.0],"rotation":270,"texture":"#1","tintindex":0},"up":{"uv":[4.5,8.25,4.75,9.0],"rotation":0,"texture":"#1","tintindex":0},"down":{"uv":[4.0,8.25,4.25,9.0],"rotation":180,"texture":"#1","tintindex":0}}},{"from":[7.4257145,9.162871,-0.019324303],"to":[8.0,10.311443,0.5549612],"rotation":{"angle":-45.0,"axis":"x","origin":[1.9985714,5.659563,3.6351118]},"faces":{"east":{"uv":[4.0,9.25,4.5,9.0],"rotation":270,"texture":"#1","tintindex":0},"south":{"uv":[4.0,9.0,4.5,9.25],"rotation":270,"texture":"#1","tintindex":0},"north":{"uv":[4.5,9.0,4.0,9.25],"rotation":90,"texture":"#1","tintindex":0},"west":{"uv":[4.0,9.0,4.5,9.25],"rotation":270,"texture":"#1","tintindex":0},"up":{"uv":[4.25,9.0,4.5,9.25],"rotation":0,"texture":"#1","tintindex":0},"down":{"uv":[4.0,9.0,4.25,9.25],"rotation":180,"texture":"#1","tintindex":0}}},{"from":[7.4257145,9.162871,0.5549612],"to":[8.0,9.737158,1.1292472],"rotation":{"angle":-45.0,"axis":"x","origin":[1.9985714,5.659563,3.6351118]},"faces":{"east":{"uv":[4.0,9.5,4.25,9.25],"rotation":270,"texture":"#1","tintindex":0},"south":{"uv":[4.0,9.25,4.25,9.5],"rotation":270,"texture":"#1","tintindex":0},"north":{"uv":[4.25,9.25,4.0,9.5],"rotation":90,"texture":"#1","tintindex":0},"west":{"uv":[4.0,9.25,4.25,9.5],"rotation":270,"texture":"#1","tintindex":0},"up":{"uv":[4.0,9.25,4.25,9.5],"rotation":0,"texture":"#1","tintindex":0},"down":{"uv":[4.0,9.25,4.25,9.5],"rotation":180,"texture":"#1","tintindex":0}}}],"display":{"head":{"translation":[0.0,-6.4,0.0],"scale":[4.0,4.0,4.0]}}}