{"textures":{"6":"modelengine:entity/fdefender_fireblade_resources"},"elements":[{"from":[8.0,-10.285715,-10.285715],"to":[8.0,26.285715,26.285715],"rotation":{"angle":0.0,"axis":"y","origin":[8.0,8.0,8.0]},"faces":{"east":{"uv":[8.001,0.001,9.999,1.999],"rotation":0,"texture":"#6","tintindex":0},"south":{"uv":[0.001,0.001,0.001,7.999],"rotation":0,"texture":"#missing","tintindex":0},"north":{"uv":[0.001,0.001,0.001,7.999],"rotation":0,"texture":"#missing","tintindex":0},"west":{"uv":[9.999,0.001,8.001,1.999],"rotation":0,"texture":"#6","tintindex":0},"up":{"uv":[0.001,0.001,7.999,0.001],"rotation":90,"texture":"#missing","tintindex":0},"down":{"uv":[0.001,0.001,7.999,0.001],"rotation":270,"texture":"#missing","tintindex":0}}}],"display":{"head":{"translation":[0.0,-6.4,0.0],"scale":[4.0,4.0,4.0]}}}