{"textures":{"0":"modelengine:entity/herobrine_steve"},"elements":[{"from":[6.862857,4.5714283,8.0],"to":[8.862857,8.0,10.0],"rotation":{"angle":0.0,"axis":"y","origin":[9.142858,4.5714283,9.142858]},"faces":{"east":{"uv":[9.0,1.5,8.0,3.0],"rotation":0,"texture":"#0","tintindex":0},"south":{"uv":[9.0,0.0,8.0,1.5],"rotation":0,"texture":"#0","tintindex":0},"north":{"uv":[8.0,5.0,7.0,6.5],"rotation":0,"texture":"#0","tintindex":0},"west":{"uv":[8.0,6.5,7.0,8.0],"rotation":0,"texture":"#0","tintindex":0},"up":{"uv":[8.0,7.5,9.0,6.5],"rotation":0,"texture":"#0","tintindex":0},"down":{"uv":[7.0,8.0,8.0,9.0],"rotation":0,"texture":"#0","tintindex":0}}}],"display":{"head":{"translation":[0.0,-6.4,0.0],"scale":[4.0,4.0,4.0]}}}