{"textures":{"2":"modelengine:entity/herobrine_shield","3":"modelengine:entity/herobrine_zombie"},"elements":[{"from":[6.862857,4.5714283,5.714286],"to":[9.148571,8.0,8.0],"rotation":{"angle":0.0,"axis":"y","origin":[4.5714283,-2.285715,6.857143]},"faces":{"east":{"uv":[4.0,6.5,5.0,8.0],"rotation":0,"texture":"#3","tintindex":0},"south":{"uv":[5.0,6.5,6.0,8.0],"rotation":0,"texture":"#3","tintindex":0},"north":{"uv":[3.0,6.5,4.0,8.0],"rotation":0,"texture":"#3","tintindex":0},"west":{"uv":[6.0,6.5,7.0,8.0],"rotation":0,"texture":"#3","tintindex":0},"up":{"uv":[9.0,5.5,8.0,4.5],"rotation":0,"texture":"#3","tintindex":0},"down":{"uv":[6.0,8.0,5.0,9.0],"rotation":0,"texture":"#3","tintindex":0}}},{"from":[6.2914286,6.285714,5.142857],"to":[9.148571,8.0,8.571428],"rotation":{"angle":0.0,"axis":"y","origin":[4.5714283,-2.285715,6.857143]},"faces":{"east":{"uv":[6.25,3.0,7.75,3.75],"rotation":0,"texture":"#2","tintindex":0},"south":{"uv":[6.25,5.25,7.5,6.0],"rotation":0,"texture":"#2","tintindex":0},"north":{"uv":[6.25,4.5,7.5,5.25],"rotation":0,"texture":"#2","tintindex":0},"west":{"uv":[6.25,3.75,7.75,4.5],"rotation":0,"texture":"#2","tintindex":0},"up":{"uv":[7.0,1.5,5.75,0.0],"rotation":0,"texture":"#2","tintindex":0},"down":{"uv":[7.0,1.5,5.75,3.0],"rotation":0,"texture":"#2","tintindex":0}}},{"from":[9.148571,2.8571424,1.1428566],"to":[9.72,10.857143,14.285715],"rotation":{"angle":0.0,"axis":"y","origin":[4.5714283,-2.285715,6.857143]},"faces":{"east":{"uv":[0.0,0.0,5.75,3.5],"rotation":0,"texture":"#2","tintindex":0},"south":{"uv":[6.5,6.0,6.75,9.5],"rotation":0,"texture":"#2","tintindex":0},"north":{"uv":[6.25,6.0,6.5,9.5],"rotation":0,"texture":"#2","tintindex":0},"west":{"uv":[0.0,3.5,5.75,7.0],"rotation":0,"texture":"#2","tintindex":0},"up":{"uv":[6.0,8.75,5.75,3.0],"rotation":0,"texture":"#2","tintindex":0},"down":{"uv":[6.25,3.0,6.0,8.75],"rotation":0,"texture":"#2","tintindex":0}}}],"display":{"head":{"translation":[0.0,-6.4,0.0],"scale":[4.0,4.0,4.0]}}}